[2026-02-26T03:48:01.830+0000] {processor.py:186} INFO - Started process (PID=164) to work on /opt/airflow/dags/weather_etl_dag.py
[2026-02-26T03:48:01.832+0000] {processor.py:914} INFO - Processing file /opt/airflow/dags/weather_etl_dag.py for tasks to queue
[2026-02-26T03:48:01.833+0000] {logging_mixin.py:190} INFO - [2026-02-26T03:48:01.833+0000] {dagbag.py:588} INFO - Filling up the DagBag from /opt/airflow/dags/weather_etl_dag.py
[2026-02-26T03:48:03.444+0000] {processor.py:925} INFO - DAG(s) 'weather_etl_daily' retrieved from /opt/airflow/dags/weather_etl_dag.py
[2026-02-26T03:48:03.565+0000] {logging_mixin.py:190} INFO - [2026-02-26T03:48:03.565+0000] {override.py:1932} INFO - Created Permission View: can edit on DAG:weather_etl_daily
[2026-02-26T03:48:03.576+0000] {logging_mixin.py:190} INFO - [2026-02-26T03:48:03.576+0000] {override.py:1932} INFO - Created Permission View: can delete on DAG:weather_etl_daily
[2026-02-26T03:48:03.583+0000] {logging_mixin.py:190} INFO - [2026-02-26T03:48:03.583+0000] {override.py:1932} INFO - Created Permission View: can read on DAG:weather_etl_daily
[2026-02-26T03:48:03.590+0000] {logging_mixin.py:190} INFO - [2026-02-26T03:48:03.589+0000] {override.py:1932} INFO - Created Permission View: can create on DAG Run:weather_etl_daily
[2026-02-26T03:48:03.597+0000] {logging_mixin.py:190} INFO - [2026-02-26T03:48:03.596+0000] {override.py:1932} INFO - Created Permission View: menu access on DAG Run:weather_etl_daily
[2026-02-26T03:48:03.603+0000] {logging_mixin.py:190} INFO - [2026-02-26T03:48:03.603+0000] {override.py:1932} INFO - Created Permission View: can delete on DAG Run:weather_etl_daily
[2026-02-26T03:48:03.609+0000] {logging_mixin.py:190} INFO - [2026-02-26T03:48:03.609+0000] {override.py:1932} INFO - Created Permission View: can read on DAG Run:weather_etl_daily
[2026-02-26T03:48:03.610+0000] {logging_mixin.py:190} INFO - [2026-02-26T03:48:03.610+0000] {dag.py:3239} INFO - Sync 1 DAGs
[2026-02-26T03:48:03.627+0000] {logging_mixin.py:190} INFO - [2026-02-26T03:48:03.626+0000] {dag.py:3262} INFO - Creating ORM DAG for weather_etl_daily
[2026-02-26T03:48:03.642+0000] {logging_mixin.py:190} INFO - [2026-02-26T03:48:03.642+0000] {dag.py:4180} INFO - Setting next_dagrun for weather_etl_daily to 2026-02-26 00:00:00+00:00, run_after=2026-02-26 03:00:00+00:00
[2026-02-26T03:48:03.875+0000] {processor.py:208} INFO - Processing /opt/airflow/dags/weather_etl_dag.py took 2.063 seconds
[2026-02-26T03:48:34.148+0000] {processor.py:186} INFO - Started process (PID=184) to work on /opt/airflow/dags/weather_etl_dag.py
[2026-02-26T03:48:34.149+0000] {processor.py:914} INFO - Processing file /opt/airflow/dags/weather_etl_dag.py for tasks to queue
[2026-02-26T03:48:34.151+0000] {logging_mixin.py:190} INFO - [2026-02-26T03:48:34.150+0000] {dagbag.py:588} INFO - Filling up the DagBag from /opt/airflow/dags/weather_etl_dag.py
[2026-02-26T03:48:34.594+0000] {processor.py:925} INFO - DAG(s) 'weather_etl_daily' retrieved from /opt/airflow/dags/weather_etl_dag.py
[2026-02-26T03:48:34.639+0000] {logging_mixin.py:190} INFO - [2026-02-26T03:48:34.639+0000] {dag.py:3239} INFO - Sync 1 DAGs
[2026-02-26T03:48:34.670+0000] {logging_mixin.py:190} INFO - [2026-02-26T03:48:34.670+0000] {dag.py:4180} INFO - Setting next_dagrun for weather_etl_daily to 2026-02-26 00:00:00+00:00, run_after=2026-02-26 03:00:00+00:00
[2026-02-26T03:48:34.689+0000] {processor.py:208} INFO - Processing /opt/airflow/dags/weather_etl_dag.py took 0.550 seconds
[2026-02-26T03:49:05.567+0000] {processor.py:186} INFO - Started process (PID=202) to work on /opt/airflow/dags/weather_etl_dag.py
[2026-02-26T03:49:05.569+0000] {processor.py:914} INFO - Processing file /opt/airflow/dags/weather_etl_dag.py for tasks to queue
[2026-02-26T03:49:05.571+0000] {logging_mixin.py:190} INFO - [2026-02-26T03:49:05.570+0000] {dagbag.py:588} INFO - Filling up the DagBag from /opt/airflow/dags/weather_etl_dag.py
[2026-02-26T03:49:06.047+0000] {processor.py:925} INFO - DAG(s) 'weather_etl_daily' retrieved from /opt/airflow/dags/weather_etl_dag.py
[2026-02-26T03:49:06.101+0000] {logging_mixin.py:190} INFO - [2026-02-26T03:49:06.099+0000] {dag.py:3239} INFO - Sync 1 DAGs
[2026-02-26T03:49:06.127+0000] {logging_mixin.py:190} INFO - [2026-02-26T03:49:06.127+0000] {dag.py:4180} INFO - Setting next_dagrun for weather_etl_daily to 2026-02-26 00:00:00+00:00, run_after=2026-02-26 03:00:00+00:00
[2026-02-26T03:49:06.143+0000] {processor.py:208} INFO - Processing /opt/airflow/dags/weather_etl_dag.py took 0.585 seconds
[2026-02-26T03:49:37.000+0000] {processor.py:186} INFO - Started process (PID=235) to work on /opt/airflow/dags/weather_etl_dag.py
[2026-02-26T03:49:37.002+0000] {processor.py:914} INFO - Processing file /opt/airflow/dags/weather_etl_dag.py for tasks to queue
[2026-02-26T03:49:37.004+0000] {logging_mixin.py:190} INFO - [2026-02-26T03:49:37.003+0000] {dagbag.py:588} INFO - Filling up the DagBag from /opt/airflow/dags/weather_etl_dag.py
[2026-02-26T03:49:37.400+0000] {processor.py:925} INFO - DAG(s) 'weather_etl_daily' retrieved from /opt/airflow/dags/weather_etl_dag.py
[2026-02-26T03:49:37.448+0000] {logging_mixin.py:190} INFO - [2026-02-26T03:49:37.448+0000] {dag.py:3239} INFO - Sync 1 DAGs
[2026-02-26T03:49:37.479+0000] {logging_mixin.py:190} INFO - [2026-02-26T03:49:37.478+0000] {dag.py:4180} INFO - Setting next_dagrun for weather_etl_daily to 2026-02-26 03:00:00+00:00, run_after=2026-02-26 06:00:00+00:00
[2026-02-26T03:49:37.497+0000] {processor.py:208} INFO - Processing /opt/airflow/dags/weather_etl_dag.py took 0.509 seconds
[2026-02-26T03:50:07.577+0000] {processor.py:186} INFO - Started process (PID=275) to work on /opt/airflow/dags/weather_etl_dag.py
[2026-02-26T03:50:07.580+0000] {processor.py:914} INFO - Processing file /opt/airflow/dags/weather_etl_dag.py for tasks to queue
[2026-02-26T03:50:07.581+0000] {logging_mixin.py:190} INFO - [2026-02-26T03:50:07.581+0000] {dagbag.py:588} INFO - Filling up the DagBag from /opt/airflow/dags/weather_etl_dag.py
[2026-02-26T03:50:08.039+0000] {processor.py:925} INFO - DAG(s) 'weather_etl_daily' retrieved from /opt/airflow/dags/weather_etl_dag.py
[2026-02-26T03:50:08.085+0000] {logging_mixin.py:190} INFO - [2026-02-26T03:50:08.084+0000] {dag.py:3239} INFO - Sync 1 DAGs
[2026-02-26T03:50:08.125+0000] {logging_mixin.py:190} INFO - [2026-02-26T03:50:08.124+0000] {dag.py:4180} INFO - Setting next_dagrun for weather_etl_daily to 2026-02-26 03:00:00+00:00, run_after=2026-02-26 06:00:00+00:00
[2026-02-26T03:50:08.146+0000] {processor.py:208} INFO - Processing /opt/airflow/dags/weather_etl_dag.py took 0.580 seconds
[2026-02-26T03:50:38.835+0000] {processor.py:186} INFO - Started process (PID=293) to work on /opt/airflow/dags/weather_etl_dag.py
[2026-02-26T03:50:38.836+0000] {processor.py:914} INFO - Processing file /opt/airflow/dags/weather_etl_dag.py for tasks to queue
[2026-02-26T03:50:38.837+0000] {logging_mixin.py:190} INFO - [2026-02-26T03:50:38.837+0000] {dagbag.py:588} INFO - Filling up the DagBag from /opt/airflow/dags/weather_etl_dag.py
[2026-02-26T03:50:39.231+0000] {processor.py:925} INFO - DAG(s) 'weather_etl_daily' retrieved from /opt/airflow/dags/weather_etl_dag.py
[2026-02-26T03:50:39.274+0000] {logging_mixin.py:190} INFO - [2026-02-26T03:50:39.273+0000] {dag.py:3239} INFO - Sync 1 DAGs
[2026-02-26T03:50:39.305+0000] {logging_mixin.py:190} INFO - [2026-02-26T03:50:39.304+0000] {dag.py:4180} INFO - Setting next_dagrun for weather_etl_daily to 2026-02-26 03:00:00+00:00, run_after=2026-02-26 06:00:00+00:00
[2026-02-26T03:50:39.323+0000] {processor.py:208} INFO - Processing /opt/airflow/dags/weather_etl_dag.py took 0.500 seconds
[2026-02-26T03:51:09.430+0000] {processor.py:186} INFO - Started process (PID=315) to work on /opt/airflow/dags/weather_etl_dag.py
[2026-02-26T03:51:09.431+0000] {processor.py:914} INFO - Processing file /opt/airflow/dags/weather_etl_dag.py for tasks to queue
[2026-02-26T03:51:09.432+0000] {logging_mixin.py:190} INFO - [2026-02-26T03:51:09.432+0000] {dagbag.py:588} INFO - Filling up the DagBag from /opt/airflow/dags/weather_etl_dag.py
[2026-02-26T03:51:09.852+0000] {processor.py:925} INFO - DAG(s) 'weather_etl_daily' retrieved from /opt/airflow/dags/weather_etl_dag.py
[2026-02-26T03:51:09.892+0000] {logging_mixin.py:190} INFO - [2026-02-26T03:51:09.892+0000] {dag.py:3239} INFO - Sync 1 DAGs
[2026-02-26T03:51:09.922+0000] {logging_mixin.py:190} INFO - [2026-02-26T03:51:09.922+0000] {dag.py:4180} INFO - Setting next_dagrun for weather_etl_daily to 2026-02-26 03:00:00+00:00, run_after=2026-02-26 06:00:00+00:00
[2026-02-26T03:51:09.940+0000] {processor.py:208} INFO - Processing /opt/airflow/dags/weather_etl_dag.py took 0.520 seconds
[2026-02-26T03:51:40.709+0000] {processor.py:186} INFO - Started process (PID=333) to work on /opt/airflow/dags/weather_etl_dag.py
[2026-02-26T03:51:40.711+0000] {processor.py:914} INFO - Processing file /opt/airflow/dags/weather_etl_dag.py for tasks to queue
[2026-02-26T03:51:40.712+0000] {logging_mixin.py:190} INFO - [2026-02-26T03:51:40.712+0000] {dagbag.py:588} INFO - Filling up the DagBag from /opt/airflow/dags/weather_etl_dag.py
[2026-02-26T03:51:41.156+0000] {processor.py:925} INFO - DAG(s) 'weather_etl_daily' retrieved from /opt/airflow/dags/weather_etl_dag.py
[2026-02-26T03:51:41.200+0000] {logging_mixin.py:190} INFO - [2026-02-26T03:51:41.198+0000] {dag.py:3239} INFO - Sync 1 DAGs
[2026-02-26T03:51:41.229+0000] {logging_mixin.py:190} INFO - [2026-02-26T03:51:41.228+0000] {dag.py:4180} INFO - Setting next_dagrun for weather_etl_daily to 2026-02-26 03:00:00+00:00, run_after=2026-02-26 06:00:00+00:00
[2026-02-26T03:51:41.247+0000] {processor.py:208} INFO - Processing /opt/airflow/dags/weather_etl_dag.py took 0.549 seconds
[2026-02-26T03:52:12.123+0000] {processor.py:186} INFO - Started process (PID=351) to work on /opt/airflow/dags/weather_etl_dag.py
[2026-02-26T03:52:12.124+0000] {processor.py:914} INFO - Processing file /opt/airflow/dags/weather_etl_dag.py for tasks to queue
[2026-02-26T03:52:12.126+0000] {logging_mixin.py:190} INFO - [2026-02-26T03:52:12.125+0000] {dagbag.py:588} INFO - Filling up the DagBag from /opt/airflow/dags/weather_etl_dag.py
[2026-02-26T03:52:12.598+0000] {processor.py:925} INFO - DAG(s) 'weather_etl_daily' retrieved from /opt/airflow/dags/weather_etl_dag.py
[2026-02-26T03:52:12.639+0000] {logging_mixin.py:190} INFO - [2026-02-26T03:52:12.639+0000] {dag.py:3239} INFO - Sync 1 DAGs
[2026-02-26T03:52:12.668+0000] {logging_mixin.py:190} INFO - [2026-02-26T03:52:12.668+0000] {dag.py:4180} INFO - Setting next_dagrun for weather_etl_daily to 2026-02-26 03:00:00+00:00, run_after=2026-02-26 06:00:00+00:00
[2026-02-26T03:52:12.687+0000] {processor.py:208} INFO - Processing /opt/airflow/dags/weather_etl_dag.py took 0.574 seconds
[2026-02-26T03:52:43.505+0000] {processor.py:186} INFO - Started process (PID=369) to work on /opt/airflow/dags/weather_etl_dag.py
[2026-02-26T03:52:43.506+0000] {processor.py:914} INFO - Processing file /opt/airflow/dags/weather_etl_dag.py for tasks to queue
[2026-02-26T03:52:43.507+0000] {logging_mixin.py:190} INFO - [2026-02-26T03:52:43.507+0000] {dagbag.py:588} INFO - Filling up the DagBag from /opt/airflow/dags/weather_etl_dag.py
[2026-02-26T03:52:43.952+0000] {processor.py:925} INFO - DAG(s) 'weather_etl_daily' retrieved from /opt/airflow/dags/weather_etl_dag.py
[2026-02-26T03:52:43.996+0000] {logging_mixin.py:190} INFO - [2026-02-26T03:52:43.996+0000] {dag.py:3239} INFO - Sync 1 DAGs
[2026-02-26T03:52:44.030+0000] {logging_mixin.py:190} INFO - [2026-02-26T03:52:44.029+0000] {dag.py:4180} INFO - Setting next_dagrun for weather_etl_daily to 2026-02-26 03:00:00+00:00, run_after=2026-02-26 06:00:00+00:00
[2026-02-26T03:52:44.068+0000] {processor.py:208} INFO - Processing /opt/airflow/dags/weather_etl_dag.py took 0.574 seconds
[2026-02-26T03:53:14.939+0000] {processor.py:186} INFO - Started process (PID=387) to work on /opt/airflow/dags/weather_etl_dag.py
[2026-02-26T03:53:14.941+0000] {processor.py:914} INFO - Processing file /opt/airflow/dags/weather_etl_dag.py for tasks to queue
[2026-02-26T03:53:14.942+0000] {logging_mixin.py:190} INFO - [2026-02-26T03:53:14.942+0000] {dagbag.py:588} INFO - Filling up the DagBag from /opt/airflow/dags/weather_etl_dag.py
[2026-02-26T03:53:15.329+0000] {processor.py:925} INFO - DAG(s) 'weather_etl_daily' retrieved from /opt/airflow/dags/weather_etl_dag.py
[2026-02-26T03:53:15.371+0000] {logging_mixin.py:190} INFO - [2026-02-26T03:53:15.371+0000] {dag.py:3239} INFO - Sync 1 DAGs
[2026-02-26T03:53:15.401+0000] {logging_mixin.py:190} INFO - [2026-02-26T03:53:15.401+0000] {dag.py:4180} INFO - Setting next_dagrun for weather_etl_daily to 2026-02-26 03:00:00+00:00, run_after=2026-02-26 06:00:00+00:00
[2026-02-26T03:53:15.427+0000] {processor.py:208} INFO - Processing /opt/airflow/dags/weather_etl_dag.py took 0.497 seconds
[2026-02-26T03:53:45.520+0000] {processor.py:186} INFO - Started process (PID=405) to work on /opt/airflow/dags/weather_etl_dag.py
[2026-02-26T03:53:45.521+0000] {processor.py:914} INFO - Processing file /opt/airflow/dags/weather_etl_dag.py for tasks to queue
[2026-02-26T03:53:45.522+0000] {logging_mixin.py:190} INFO - [2026-02-26T03:53:45.522+0000] {dagbag.py:588} INFO - Filling up the DagBag from /opt/airflow/dags/weather_etl_dag.py
[2026-02-26T03:53:45.919+0000] {processor.py:925} INFO - DAG(s) 'weather_etl_daily' retrieved from /opt/airflow/dags/weather_etl_dag.py
[2026-02-26T03:53:45.973+0000] {logging_mixin.py:190} INFO - [2026-02-26T03:53:45.971+0000] {dag.py:3239} INFO - Sync 1 DAGs
[2026-02-26T03:53:46.017+0000] {logging_mixin.py:190} INFO - [2026-02-26T03:53:46.017+0000] {dag.py:4180} INFO - Setting next_dagrun for weather_etl_daily to 2026-02-26 03:00:00+00:00, run_after=2026-02-26 06:00:00+00:00
[2026-02-26T03:53:46.047+0000] {processor.py:208} INFO - Processing /opt/airflow/dags/weather_etl_dag.py took 0.537 seconds
[2026-02-26T03:54:16.769+0000] {processor.py:186} INFO - Started process (PID=427) to work on /opt/airflow/dags/weather_etl_dag.py
[2026-02-26T03:54:16.770+0000] {processor.py:914} INFO - Processing file /opt/airflow/dags/weather_etl_dag.py for tasks to queue
[2026-02-26T03:54:16.772+0000] {logging_mixin.py:190} INFO - [2026-02-26T03:54:16.771+0000] {dagbag.py:588} INFO - Filling up the DagBag from /opt/airflow/dags/weather_etl_dag.py
[2026-02-26T03:54:17.205+0000] {processor.py:925} INFO - DAG(s) 'weather_etl_daily' retrieved from /opt/airflow/dags/weather_etl_dag.py
[2026-02-26T03:54:17.249+0000] {logging_mixin.py:190} INFO - [2026-02-26T03:54:17.247+0000] {dag.py:3239} INFO - Sync 1 DAGs
[2026-02-26T03:54:17.278+0000] {logging_mixin.py:190} INFO - [2026-02-26T03:54:17.278+0000] {dag.py:4180} INFO - Setting next_dagrun for weather_etl_daily to 2026-02-26 03:00:00+00:00, run_after=2026-02-26 06:00:00+00:00
[2026-02-26T03:54:17.297+0000] {processor.py:208} INFO - Processing /opt/airflow/dags/weather_etl_dag.py took 0.538 seconds
[2026-02-26T03:54:47.369+0000] {processor.py:186} INFO - Started process (PID=456) to work on /opt/airflow/dags/weather_etl_dag.py
[2026-02-26T03:54:47.370+0000] {processor.py:914} INFO - Processing file /opt/airflow/dags/weather_etl_dag.py for tasks to queue
[2026-02-26T03:54:47.372+0000] {logging_mixin.py:190} INFO - [2026-02-26T03:54:47.371+0000] {dagbag.py:588} INFO - Filling up the DagBag from /opt/airflow/dags/weather_etl_dag.py
[2026-02-26T03:54:47.774+0000] {processor.py:925} INFO - DAG(s) 'weather_etl_daily' retrieved from /opt/airflow/dags/weather_etl_dag.py
[2026-02-26T03:54:47.822+0000] {logging_mixin.py:190} INFO - [2026-02-26T03:54:47.821+0000] {dag.py:3239} INFO - Sync 1 DAGs
[2026-02-26T03:54:47.852+0000] {logging_mixin.py:190} INFO - [2026-02-26T03:54:47.852+0000] {dag.py:4180} INFO - Setting next_dagrun for weather_etl_daily to 2026-02-26 03:00:00+00:00, run_after=2026-02-26 06:00:00+00:00
[2026-02-26T03:54:47.872+0000] {processor.py:208} INFO - Processing /opt/airflow/dags/weather_etl_dag.py took 0.514 seconds
[2026-02-26T03:55:18.614+0000] {processor.py:186} INFO - Started process (PID=474) to work on /opt/airflow/dags/weather_etl_dag.py
[2026-02-26T03:55:18.616+0000] {processor.py:914} INFO - Processing file /opt/airflow/dags/weather_etl_dag.py for tasks to queue
[2026-02-26T03:55:18.617+0000] {logging_mixin.py:190} INFO - [2026-02-26T03:55:18.617+0000] {dagbag.py:588} INFO - Filling up the DagBag from /opt/airflow/dags/weather_etl_dag.py
[2026-02-26T03:55:19.056+0000] {processor.py:925} INFO - DAG(s) 'weather_etl_daily' retrieved from /opt/airflow/dags/weather_etl_dag.py
[2026-02-26T03:55:19.098+0000] {logging_mixin.py:190} INFO - [2026-02-26T03:55:19.098+0000] {dag.py:3239} INFO - Sync 1 DAGs
[2026-02-26T03:55:19.125+0000] {logging_mixin.py:190} INFO - [2026-02-26T03:55:19.125+0000] {dag.py:4180} INFO - Setting next_dagrun for weather_etl_daily to 2026-02-26 03:00:00+00:00, run_after=2026-02-26 06:00:00+00:00
[2026-02-26T03:55:19.146+0000] {processor.py:208} INFO - Processing /opt/airflow/dags/weather_etl_dag.py took 0.542 seconds
[2026-02-26T03:55:50.036+0000] {processor.py:186} INFO - Started process (PID=492) to work on /opt/airflow/dags/weather_etl_dag.py
[2026-02-26T03:55:50.037+0000] {processor.py:914} INFO - Processing file /opt/airflow/dags/weather_etl_dag.py for tasks to queue
[2026-02-26T03:55:50.039+0000] {logging_mixin.py:190} INFO - [2026-02-26T03:55:50.038+0000] {dagbag.py:588} INFO - Filling up the DagBag from /opt/airflow/dags/weather_etl_dag.py
[2026-02-26T03:55:50.486+0000] {processor.py:925} INFO - DAG(s) 'weather_etl_daily' retrieved from /opt/airflow/dags/weather_etl_dag.py
[2026-02-26T03:55:50.528+0000] {logging_mixin.py:190} INFO - [2026-02-26T03:55:50.527+0000] {dag.py:3239} INFO - Sync 1 DAGs
[2026-02-26T03:55:50.559+0000] {logging_mixin.py:190} INFO - [2026-02-26T03:55:50.559+0000] {dag.py:4180} INFO - Setting next_dagrun for weather_etl_daily to 2026-02-26 03:00:00+00:00, run_after=2026-02-26 06:00:00+00:00
[2026-02-26T03:55:50.579+0000] {processor.py:208} INFO - Processing /opt/airflow/dags/weather_etl_dag.py took 0.553 seconds
[2026-02-26T03:56:21.453+0000] {processor.py:186} INFO - Started process (PID=510) to work on /opt/airflow/dags/weather_etl_dag.py
[2026-02-26T03:56:21.455+0000] {processor.py:914} INFO - Processing file /opt/airflow/dags/weather_etl_dag.py for tasks to queue
[2026-02-26T03:56:21.457+0000] {logging_mixin.py:190} INFO - [2026-02-26T03:56:21.456+0000] {dagbag.py:588} INFO - Filling up the DagBag from /opt/airflow/dags/weather_etl_dag.py
[2026-02-26T03:56:21.851+0000] {processor.py:925} INFO - DAG(s) 'weather_etl_daily' retrieved from /opt/airflow/dags/weather_etl_dag.py
[2026-02-26T03:56:21.895+0000] {logging_mixin.py:190} INFO - [2026-02-26T03:56:21.894+0000] {dag.py:3239} INFO - Sync 1 DAGs
[2026-02-26T03:56:21.926+0000] {logging_mixin.py:190} INFO - [2026-02-26T03:56:21.926+0000] {dag.py:4180} INFO - Setting next_dagrun for weather_etl_daily to 2026-02-26 03:00:00+00:00, run_after=2026-02-26 06:00:00+00:00
[2026-02-26T03:56:21.945+0000] {processor.py:208} INFO - Processing /opt/airflow/dags/weather_etl_dag.py took 0.502 seconds
[2026-02-26T03:56:52.020+0000] {processor.py:186} INFO - Started process (PID=528) to work on /opt/airflow/dags/weather_etl_dag.py
[2026-02-26T03:56:52.021+0000] {processor.py:914} INFO - Processing file /opt/airflow/dags/weather_etl_dag.py for tasks to queue
[2026-02-26T03:56:52.022+0000] {logging_mixin.py:190} INFO - [2026-02-26T03:56:52.022+0000] {dagbag.py:588} INFO - Filling up the DagBag from /opt/airflow/dags/weather_etl_dag.py
[2026-02-26T03:56:52.473+0000] {processor.py:925} INFO - DAG(s) 'weather_etl_daily' retrieved from /opt/airflow/dags/weather_etl_dag.py
[2026-02-26T03:56:52.520+0000] {logging_mixin.py:190} INFO - [2026-02-26T03:56:52.518+0000] {dag.py:3239} INFO - Sync 1 DAGs
[2026-02-26T03:56:52.551+0000] {logging_mixin.py:190} INFO - [2026-02-26T03:56:52.551+0000] {dag.py:4180} INFO - Setting next_dagrun for weather_etl_daily to 2026-02-26 03:00:00+00:00, run_after=2026-02-26 06:00:00+00:00
[2026-02-26T03:56:52.582+0000] {processor.py:208} INFO - Processing /opt/airflow/dags/weather_etl_dag.py took 0.574 seconds
[2026-02-26T03:57:23.286+0000] {processor.py:186} INFO - Started process (PID=550) to work on /opt/airflow/dags/weather_etl_dag.py
[2026-02-26T03:57:23.288+0000] {processor.py:914} INFO - Processing file /opt/airflow/dags/weather_etl_dag.py for tasks to queue
[2026-02-26T03:57:23.290+0000] {logging_mixin.py:190} INFO - [2026-02-26T03:57:23.289+0000] {dagbag.py:588} INFO - Filling up the DagBag from /opt/airflow/dags/weather_etl_dag.py
[2026-02-26T03:57:23.708+0000] {processor.py:925} INFO - DAG(s) 'weather_etl_daily' retrieved from /opt/airflow/dags/weather_etl_dag.py
[2026-02-26T03:57:23.752+0000] {logging_mixin.py:190} INFO - [2026-02-26T03:57:23.751+0000] {dag.py:3239} INFO - Sync 1 DAGs
[2026-02-26T03:57:23.782+0000] {logging_mixin.py:190} INFO - [2026-02-26T03:57:23.782+0000] {dag.py:4180} INFO - Setting next_dagrun for weather_etl_daily to 2026-02-26 03:00:00+00:00, run_after=2026-02-26 06:00:00+00:00
[2026-02-26T03:57:23.802+0000] {processor.py:208} INFO - Processing /opt/airflow/dags/weather_etl_dag.py took 0.525 seconds
[2026-02-26T03:57:54.694+0000] {processor.py:186} INFO - Started process (PID=568) to work on /opt/airflow/dags/weather_etl_dag.py
[2026-02-26T03:57:54.695+0000] {processor.py:914} INFO - Processing file /opt/airflow/dags/weather_etl_dag.py for tasks to queue
[2026-02-26T03:57:54.696+0000] {logging_mixin.py:190} INFO - [2026-02-26T03:57:54.696+0000] {dagbag.py:588} INFO - Filling up the DagBag from /opt/airflow/dags/weather_etl_dag.py
[2026-02-26T03:57:55.148+0000] {processor.py:925} INFO - DAG(s) 'weather_etl_daily' retrieved from /opt/airflow/dags/weather_etl_dag.py
[2026-02-26T03:57:55.192+0000] {logging_mixin.py:190} INFO - [2026-02-26T03:57:55.191+0000] {dag.py:3239} INFO - Sync 1 DAGs
[2026-02-26T03:57:55.225+0000] {logging_mixin.py:190} INFO - [2026-02-26T03:57:55.224+0000] {dag.py:4180} INFO - Setting next_dagrun for weather_etl_daily to 2026-02-26 03:00:00+00:00, run_after=2026-02-26 06:00:00+00:00
[2026-02-26T03:57:55.261+0000] {processor.py:208} INFO - Processing /opt/airflow/dags/weather_etl_dag.py took 0.577 seconds
[2026-02-26T03:58:58.975+0000] {processor.py:186} INFO - Started process (PID=164) to work on /opt/airflow/dags/weather_etl_dag.py
[2026-02-26T03:58:58.976+0000] {processor.py:914} INFO - Processing file /opt/airflow/dags/weather_etl_dag.py for tasks to queue
[2026-02-26T03:58:58.977+0000] {logging_mixin.py:190} INFO - [2026-02-26T03:58:58.977+0000] {dagbag.py:588} INFO - Filling up the DagBag from /opt/airflow/dags/weather_etl_dag.py
[2026-02-26T03:59:00.459+0000] {processor.py:925} INFO - DAG(s) 'weather_etl_daily' retrieved from /opt/airflow/dags/weather_etl_dag.py
[2026-02-26T03:59:00.575+0000] {logging_mixin.py:190} INFO - [2026-02-26T03:59:00.574+0000] {override.py:1932} INFO - Created Permission View: can delete on DAG:weather_etl_daily
[2026-02-26T03:59:00.584+0000] {logging_mixin.py:190} INFO - [2026-02-26T03:59:00.584+0000] {override.py:1932} INFO - Created Permission View: can edit on DAG:weather_etl_daily
[2026-02-26T03:59:00.591+0000] {logging_mixin.py:190} INFO - [2026-02-26T03:59:00.591+0000] {override.py:1932} INFO - Created Permission View: can read on DAG:weather_etl_daily
[2026-02-26T03:59:00.598+0000] {logging_mixin.py:190} INFO - [2026-02-26T03:59:00.598+0000] {override.py:1932} INFO - Created Permission View: can create on DAG Run:weather_etl_daily
[2026-02-26T03:59:00.605+0000] {logging_mixin.py:190} INFO - [2026-02-26T03:59:00.605+0000] {override.py:1932} INFO - Created Permission View: can delete on DAG Run:weather_etl_daily
[2026-02-26T03:59:00.612+0000] {logging_mixin.py:190} INFO - [2026-02-26T03:59:00.611+0000] {override.py:1932} INFO - Created Permission View: menu access on DAG Run:weather_etl_daily
[2026-02-26T03:59:00.618+0000] {logging_mixin.py:190} INFO - [2026-02-26T03:59:00.618+0000] {override.py:1932} INFO - Created Permission View: can read on DAG Run:weather_etl_daily
[2026-02-26T03:59:00.619+0000] {logging_mixin.py:190} INFO - [2026-02-26T03:59:00.618+0000] {dag.py:3239} INFO - Sync 1 DAGs
[2026-02-26T03:59:00.635+0000] {logging_mixin.py:190} INFO - [2026-02-26T03:59:00.634+0000] {dag.py:3262} INFO - Creating ORM DAG for weather_etl_daily
[2026-02-26T03:59:00.650+0000] {logging_mixin.py:190} INFO - [2026-02-26T03:59:00.649+0000] {dag.py:4180} INFO - Setting next_dagrun for weather_etl_daily to 2026-02-26 00:00:00+00:00, run_after=2026-02-26 03:00:00+00:00
[2026-02-26T03:59:00.854+0000] {processor.py:208} INFO - Processing /opt/airflow/dags/weather_etl_dag.py took 1.888 seconds
[2026-02-26T03:59:31.624+0000] {processor.py:186} INFO - Started process (PID=217) to work on /opt/airflow/dags/weather_etl_dag.py
[2026-02-26T03:59:31.625+0000] {processor.py:914} INFO - Processing file /opt/airflow/dags/weather_etl_dag.py for tasks to queue
[2026-02-26T03:59:31.626+0000] {logging_mixin.py:190} INFO - [2026-02-26T03:59:31.626+0000] {dagbag.py:588} INFO - Filling up the DagBag from /opt/airflow/dags/weather_etl_dag.py
[2026-02-26T03:59:32.071+0000] {processor.py:925} INFO - DAG(s) 'weather_etl_daily' retrieved from /opt/airflow/dags/weather_etl_dag.py
[2026-02-26T03:59:32.109+0000] {logging_mixin.py:190} INFO - [2026-02-26T03:59:32.109+0000] {dag.py:3239} INFO - Sync 1 DAGs
[2026-02-26T03:59:32.140+0000] {logging_mixin.py:190} INFO - [2026-02-26T03:59:32.140+0000] {dag.py:4180} INFO - Setting next_dagrun for weather_etl_daily to 2026-02-26 03:00:00+00:00, run_after=2026-02-26 06:00:00+00:00
[2026-02-26T03:59:32.160+0000] {processor.py:208} INFO - Processing /opt/airflow/dags/weather_etl_dag.py took 0.545 seconds
[2026-02-26T04:00:02.225+0000] {processor.py:186} INFO - Started process (PID=235) to work on /opt/airflow/dags/weather_etl_dag.py
[2026-02-26T04:00:02.227+0000] {processor.py:914} INFO - Processing file /opt/airflow/dags/weather_etl_dag.py for tasks to queue
[2026-02-26T04:00:02.228+0000] {logging_mixin.py:190} INFO - [2026-02-26T04:00:02.227+0000] {dagbag.py:588} INFO - Filling up the DagBag from /opt/airflow/dags/weather_etl_dag.py
[2026-02-26T04:00:02.641+0000] {processor.py:925} INFO - DAG(s) 'weather_etl_daily' retrieved from /opt/airflow/dags/weather_etl_dag.py
[2026-02-26T04:00:02.695+0000] {logging_mixin.py:190} INFO - [2026-02-26T04:00:02.693+0000] {dag.py:3239} INFO - Sync 1 DAGs
[2026-02-26T04:00:02.725+0000] {logging_mixin.py:190} INFO - [2026-02-26T04:00:02.725+0000] {dag.py:4180} INFO - Setting next_dagrun for weather_etl_daily to 2026-02-26 03:00:00+00:00, run_after=2026-02-26 06:00:00+00:00
[2026-02-26T04:00:02.743+0000] {processor.py:208} INFO - Processing /opt/airflow/dags/weather_etl_dag.py took 0.529 seconds
[2026-02-26T04:00:33.472+0000] {processor.py:186} INFO - Started process (PID=253) to work on /opt/airflow/dags/weather_etl_dag.py
[2026-02-26T04:00:33.473+0000] {processor.py:914} INFO - Processing file /opt/airflow/dags/weather_etl_dag.py for tasks to queue
[2026-02-26T04:00:33.474+0000] {logging_mixin.py:190} INFO - [2026-02-26T04:00:33.474+0000] {dagbag.py:588} INFO - Filling up the DagBag from /opt/airflow/dags/weather_etl_dag.py
[2026-02-26T04:00:33.880+0000] {processor.py:925} INFO - DAG(s) 'weather_etl_daily' retrieved from /opt/airflow/dags/weather_etl_dag.py
[2026-02-26T04:00:33.923+0000] {logging_mixin.py:190} INFO - [2026-02-26T04:00:33.922+0000] {dag.py:3239} INFO - Sync 1 DAGs
[2026-02-26T04:00:33.952+0000] {logging_mixin.py:190} INFO - [2026-02-26T04:00:33.952+0000] {dag.py:4180} INFO - Setting next_dagrun for weather_etl_daily to 2026-02-26 03:00:00+00:00, run_after=2026-02-26 06:00:00+00:00
[2026-02-26T04:00:33.968+0000] {processor.py:208} INFO - Processing /opt/airflow/dags/weather_etl_dag.py took 0.505 seconds
[2026-02-26T04:01:04.066+0000] {processor.py:186} INFO - Started process (PID=271) to work on /opt/airflow/dags/weather_etl_dag.py
[2026-02-26T04:01:04.067+0000] {processor.py:914} INFO - Processing file /opt/airflow/dags/weather_etl_dag.py for tasks to queue
[2026-02-26T04:01:04.069+0000] {logging_mixin.py:190} INFO - [2026-02-26T04:01:04.068+0000] {dagbag.py:588} INFO - Filling up the DagBag from /opt/airflow/dags/weather_etl_dag.py
[2026-02-26T04:01:04.627+0000] {processor.py:925} INFO - DAG(s) 'weather_etl_daily' retrieved from /opt/airflow/dags/weather_etl_dag.py
[2026-02-26T04:01:04.669+0000] {logging_mixin.py:190} INFO - [2026-02-26T04:01:04.668+0000] {dag.py:3239} INFO - Sync 1 DAGs
[2026-02-26T04:01:04.699+0000] {logging_mixin.py:190} INFO - [2026-02-26T04:01:04.698+0000] {dag.py:4180} INFO - Setting next_dagrun for weather_etl_daily to 2026-02-26 03:00:00+00:00, run_after=2026-02-26 06:00:00+00:00
[2026-02-26T04:01:04.729+0000] {processor.py:208} INFO - Processing /opt/airflow/dags/weather_etl_dag.py took 0.673 seconds
[2026-02-26T04:02:17.177+0000] {processor.py:186} INFO - Started process (PID=164) to work on /opt/airflow/dags/weather_etl_dag.py
[2026-02-26T04:02:17.178+0000] {processor.py:914} INFO - Processing file /opt/airflow/dags/weather_etl_dag.py for tasks to queue
[2026-02-26T04:02:17.179+0000] {logging_mixin.py:190} INFO - [2026-02-26T04:02:17.179+0000] {dagbag.py:588} INFO - Filling up the DagBag from /opt/airflow/dags/weather_etl_dag.py
[2026-02-26T04:02:18.750+0000] {processor.py:925} INFO - DAG(s) 'weather_etl_daily' retrieved from /opt/airflow/dags/weather_etl_dag.py
[2026-02-26T04:02:18.881+0000] {logging_mixin.py:190} INFO - [2026-02-26T04:02:18.881+0000] {override.py:1932} INFO - Created Permission View: can read on DAG:weather_etl_daily
[2026-02-26T04:02:18.892+0000] {logging_mixin.py:190} INFO - [2026-02-26T04:02:18.892+0000] {override.py:1932} INFO - Created Permission View: can delete on DAG:weather_etl_daily
[2026-02-26T04:02:18.899+0000] {logging_mixin.py:190} INFO - [2026-02-26T04:02:18.899+0000] {override.py:1932} INFO - Created Permission View: can edit on DAG:weather_etl_daily
[2026-02-26T04:02:18.907+0000] {logging_mixin.py:190} INFO - [2026-02-26T04:02:18.907+0000] {override.py:1932} INFO - Created Permission View: can read on DAG Run:weather_etl_daily
[2026-02-26T04:02:18.914+0000] {logging_mixin.py:190} INFO - [2026-02-26T04:02:18.913+0000] {override.py:1932} INFO - Created Permission View: can delete on DAG Run:weather_etl_daily
[2026-02-26T04:02:18.920+0000] {logging_mixin.py:190} INFO - [2026-02-26T04:02:18.920+0000] {override.py:1932} INFO - Created Permission View: menu access on DAG Run:weather_etl_daily
[2026-02-26T04:02:18.926+0000] {logging_mixin.py:190} INFO - [2026-02-26T04:02:18.926+0000] {override.py:1932} INFO - Created Permission View: can create on DAG Run:weather_etl_daily
[2026-02-26T04:02:18.927+0000] {logging_mixin.py:190} INFO - [2026-02-26T04:02:18.926+0000] {dag.py:3239} INFO - Sync 1 DAGs
[2026-02-26T04:02:18.942+0000] {logging_mixin.py:190} INFO - [2026-02-26T04:02:18.942+0000] {dag.py:3262} INFO - Creating ORM DAG for weather_etl_daily
[2026-02-26T04:02:18.957+0000] {logging_mixin.py:190} INFO - [2026-02-26T04:02:18.956+0000] {dag.py:4180} INFO - Setting next_dagrun for weather_etl_daily to 2026-02-26 00:00:00+00:00, run_after=2026-02-26 03:00:00+00:00
[2026-02-26T04:02:19.164+0000] {processor.py:208} INFO - Processing /opt/airflow/dags/weather_etl_dag.py took 1.995 seconds
[2026-02-26T04:02:49.467+0000] {processor.py:186} INFO - Started process (PID=184) to work on /opt/airflow/dags/weather_etl_dag.py
[2026-02-26T04:02:49.468+0000] {processor.py:914} INFO - Processing file /opt/airflow/dags/weather_etl_dag.py for tasks to queue
[2026-02-26T04:02:49.470+0000] {logging_mixin.py:190} INFO - [2026-02-26T04:02:49.469+0000] {dagbag.py:588} INFO - Filling up the DagBag from /opt/airflow/dags/weather_etl_dag.py
[2026-02-26T04:02:49.880+0000] {processor.py:925} INFO - DAG(s) 'weather_etl_daily' retrieved from /opt/airflow/dags/weather_etl_dag.py
[2026-02-26T04:02:49.918+0000] {logging_mixin.py:190} INFO - [2026-02-26T04:02:49.917+0000] {dag.py:3239} INFO - Sync 1 DAGs
[2026-02-26T04:02:49.948+0000] {logging_mixin.py:190} INFO - [2026-02-26T04:02:49.948+0000] {dag.py:4180} INFO - Setting next_dagrun for weather_etl_daily to 2026-02-26 00:00:00+00:00, run_after=2026-02-26 03:00:00+00:00
[2026-02-26T04:02:49.969+0000] {processor.py:208} INFO - Processing /opt/airflow/dags/weather_etl_dag.py took 0.512 seconds
[2026-02-26T04:03:20.860+0000] {processor.py:186} INFO - Started process (PID=202) to work on /opt/airflow/dags/weather_etl_dag.py
[2026-02-26T04:03:20.861+0000] {processor.py:914} INFO - Processing file /opt/airflow/dags/weather_etl_dag.py for tasks to queue
[2026-02-26T04:03:20.862+0000] {logging_mixin.py:190} INFO - [2026-02-26T04:03:20.862+0000] {dagbag.py:588} INFO - Filling up the DagBag from /opt/airflow/dags/weather_etl_dag.py
[2026-02-26T04:03:21.254+0000] {processor.py:925} INFO - DAG(s) 'weather_etl_daily' retrieved from /opt/airflow/dags/weather_etl_dag.py
[2026-02-26T04:03:21.288+0000] {logging_mixin.py:190} INFO - [2026-02-26T04:03:21.286+0000] {dag.py:3239} INFO - Sync 1 DAGs
[2026-02-26T04:03:21.314+0000] {logging_mixin.py:190} INFO - [2026-02-26T04:03:21.314+0000] {dag.py:4180} INFO - Setting next_dagrun for weather_etl_daily to 2026-02-26 00:00:00+00:00, run_after=2026-02-26 03:00:00+00:00
[2026-02-26T04:03:21.332+0000] {processor.py:208} INFO - Processing /opt/airflow/dags/weather_etl_dag.py took 0.482 seconds
[2026-02-26T04:03:51.447+0000] {processor.py:186} INFO - Started process (PID=220) to work on /opt/airflow/dags/weather_etl_dag.py
[2026-02-26T04:03:51.449+0000] {processor.py:914} INFO - Processing file /opt/airflow/dags/weather_etl_dag.py for tasks to queue
[2026-02-26T04:03:51.450+0000] {logging_mixin.py:190} INFO - [2026-02-26T04:03:51.450+0000] {dagbag.py:588} INFO - Filling up the DagBag from /opt/airflow/dags/weather_etl_dag.py
[2026-02-26T04:03:51.899+0000] {processor.py:925} INFO - DAG(s) 'weather_etl_daily' retrieved from /opt/airflow/dags/weather_etl_dag.py
[2026-02-26T04:03:51.945+0000] {logging_mixin.py:190} INFO - [2026-02-26T04:03:51.944+0000] {dag.py:3239} INFO - Sync 1 DAGs
[2026-02-26T04:03:51.969+0000] {logging_mixin.py:190} INFO - [2026-02-26T04:03:51.969+0000] {dag.py:4180} INFO - Setting next_dagrun for weather_etl_daily to 2026-02-26 00:00:00+00:00, run_after=2026-02-26 03:00:00+00:00
[2026-02-26T04:03:51.986+0000] {processor.py:208} INFO - Processing /opt/airflow/dags/weather_etl_dag.py took 0.549 seconds
[2026-02-26T04:04:22.711+0000] {processor.py:186} INFO - Started process (PID=271) to work on /opt/airflow/dags/weather_etl_dag.py
[2026-02-26T04:04:22.712+0000] {processor.py:914} INFO - Processing file /opt/airflow/dags/weather_etl_dag.py for tasks to queue
[2026-02-26T04:04:22.714+0000] {logging_mixin.py:190} INFO - [2026-02-26T04:04:22.713+0000] {dagbag.py:588} INFO - Filling up the DagBag from /opt/airflow/dags/weather_etl_dag.py
[2026-02-26T04:04:23.131+0000] {processor.py:925} INFO - DAG(s) 'weather_etl_daily' retrieved from /opt/airflow/dags/weather_etl_dag.py
[2026-02-26T04:04:23.182+0000] {logging_mixin.py:190} INFO - [2026-02-26T04:04:23.182+0000] {dag.py:3239} INFO - Sync 1 DAGs
[2026-02-26T04:04:23.214+0000] {logging_mixin.py:190} INFO - [2026-02-26T04:04:23.214+0000] {dag.py:4180} INFO - Setting next_dagrun for weather_etl_daily to 2026-02-26 03:00:00+00:00, run_after=2026-02-26 06:00:00+00:00
[2026-02-26T04:04:23.237+0000] {processor.py:208} INFO - Processing /opt/airflow/dags/weather_etl_dag.py took 0.535 seconds
[2026-02-26T04:04:54.115+0000] {processor.py:186} INFO - Started process (PID=289) to work on /opt/airflow/dags/weather_etl_dag.py
[2026-02-26T04:04:54.116+0000] {processor.py:914} INFO - Processing file /opt/airflow/dags/weather_etl_dag.py for tasks to queue
[2026-02-26T04:04:54.118+0000] {logging_mixin.py:190} INFO - [2026-02-26T04:04:54.117+0000] {dagbag.py:588} INFO - Filling up the DagBag from /opt/airflow/dags/weather_etl_dag.py
[2026-02-26T04:04:54.616+0000] {processor.py:925} INFO - DAG(s) 'weather_etl_daily' retrieved from /opt/airflow/dags/weather_etl_dag.py
[2026-02-26T04:04:54.657+0000] {logging_mixin.py:190} INFO - [2026-02-26T04:04:54.656+0000] {dag.py:3239} INFO - Sync 1 DAGs
[2026-02-26T04:04:54.687+0000] {logging_mixin.py:190} INFO - [2026-02-26T04:04:54.687+0000] {dag.py:4180} INFO - Setting next_dagrun for weather_etl_daily to 2026-02-26 03:00:00+00:00, run_after=2026-02-26 06:00:00+00:00
[2026-02-26T04:04:54.705+0000] {processor.py:208} INFO - Processing /opt/airflow/dags/weather_etl_dag.py took 0.601 seconds
[2026-02-26T04:05:25.558+0000] {processor.py:186} INFO - Started process (PID=307) to work on /opt/airflow/dags/weather_etl_dag.py
[2026-02-26T04:05:25.559+0000] {processor.py:914} INFO - Processing file /opt/airflow/dags/weather_etl_dag.py for tasks to queue
[2026-02-26T04:05:25.560+0000] {logging_mixin.py:190} INFO - [2026-02-26T04:05:25.560+0000] {dagbag.py:588} INFO - Filling up the DagBag from /opt/airflow/dags/weather_etl_dag.py
[2026-02-26T04:05:26.006+0000] {processor.py:925} INFO - DAG(s) 'weather_etl_daily' retrieved from /opt/airflow/dags/weather_etl_dag.py
[2026-02-26T04:05:26.047+0000] {logging_mixin.py:190} INFO - [2026-02-26T04:05:26.046+0000] {dag.py:3239} INFO - Sync 1 DAGs
[2026-02-26T04:05:26.077+0000] {logging_mixin.py:190} INFO - [2026-02-26T04:05:26.077+0000] {dag.py:4180} INFO - Setting next_dagrun for weather_etl_daily to 2026-02-26 03:00:00+00:00, run_after=2026-02-26 06:00:00+00:00
[2026-02-26T04:05:26.096+0000] {processor.py:208} INFO - Processing /opt/airflow/dags/weather_etl_dag.py took 0.547 seconds
[2026-02-26T04:05:56.994+0000] {processor.py:186} INFO - Started process (PID=325) to work on /opt/airflow/dags/weather_etl_dag.py
[2026-02-26T04:05:56.996+0000] {processor.py:914} INFO - Processing file /opt/airflow/dags/weather_etl_dag.py for tasks to queue
[2026-02-26T04:05:56.998+0000] {logging_mixin.py:190} INFO - [2026-02-26T04:05:56.997+0000] {dagbag.py:588} INFO - Filling up the DagBag from /opt/airflow/dags/weather_etl_dag.py
[2026-02-26T04:05:57.457+0000] {processor.py:925} INFO - DAG(s) 'weather_etl_daily' retrieved from /opt/airflow/dags/weather_etl_dag.py
[2026-02-26T04:05:57.504+0000] {logging_mixin.py:190} INFO - [2026-02-26T04:05:57.502+0000] {dag.py:3239} INFO - Sync 1 DAGs
[2026-02-26T04:05:57.537+0000] {logging_mixin.py:190} INFO - [2026-02-26T04:05:57.536+0000] {dag.py:4180} INFO - Setting next_dagrun for weather_etl_daily to 2026-02-26 03:00:00+00:00, run_after=2026-02-26 06:00:00+00:00
[2026-02-26T04:05:57.557+0000] {processor.py:208} INFO - Processing /opt/airflow/dags/weather_etl_dag.py took 0.580 seconds
[2026-02-26T04:06:28.396+0000] {processor.py:186} INFO - Started process (PID=343) to work on /opt/airflow/dags/weather_etl_dag.py
[2026-02-26T04:06:28.398+0000] {processor.py:914} INFO - Processing file /opt/airflow/dags/weather_etl_dag.py for tasks to queue
[2026-02-26T04:06:28.399+0000] {logging_mixin.py:190} INFO - [2026-02-26T04:06:28.399+0000] {dagbag.py:588} INFO - Filling up the DagBag from /opt/airflow/dags/weather_etl_dag.py
[2026-02-26T04:06:28.802+0000] {processor.py:925} INFO - DAG(s) 'weather_etl_daily' retrieved from /opt/airflow/dags/weather_etl_dag.py
[2026-02-26T04:06:28.845+0000] {logging_mixin.py:190} INFO - [2026-02-26T04:06:28.844+0000] {dag.py:3239} INFO - Sync 1 DAGs
[2026-02-26T04:06:28.874+0000] {logging_mixin.py:190} INFO - [2026-02-26T04:06:28.874+0000] {dag.py:4180} INFO - Setting next_dagrun for weather_etl_daily to 2026-02-26 03:00:00+00:00, run_after=2026-02-26 06:00:00+00:00
[2026-02-26T04:06:28.893+0000] {processor.py:208} INFO - Processing /opt/airflow/dags/weather_etl_dag.py took 0.507 seconds
[2026-02-26T04:06:58.995+0000] {processor.py:186} INFO - Started process (PID=361) to work on /opt/airflow/dags/weather_etl_dag.py
[2026-02-26T04:06:58.996+0000] {processor.py:914} INFO - Processing file /opt/airflow/dags/weather_etl_dag.py for tasks to queue
[2026-02-26T04:06:58.998+0000] {logging_mixin.py:190} INFO - [2026-02-26T04:06:58.997+0000] {dagbag.py:588} INFO - Filling up the DagBag from /opt/airflow/dags/weather_etl_dag.py
[2026-02-26T04:06:59.432+0000] {processor.py:925} INFO - DAG(s) 'weather_etl_daily' retrieved from /opt/airflow/dags/weather_etl_dag.py
[2026-02-26T04:06:59.478+0000] {logging_mixin.py:190} INFO - [2026-02-26T04:06:59.477+0000] {dag.py:3239} INFO - Sync 1 DAGs
[2026-02-26T04:06:59.526+0000] {logging_mixin.py:190} INFO - [2026-02-26T04:06:59.526+0000] {dag.py:4180} INFO - Setting next_dagrun for weather_etl_daily to 2026-02-26 03:00:00+00:00, run_after=2026-02-26 06:00:00+00:00
[2026-02-26T04:06:59.548+0000] {processor.py:208} INFO - Processing /opt/airflow/dags/weather_etl_dag.py took 0.563 seconds
[2026-02-26T04:07:30.258+0000] {processor.py:186} INFO - Started process (PID=379) to work on /opt/airflow/dags/weather_etl_dag.py
[2026-02-26T04:07:30.259+0000] {processor.py:914} INFO - Processing file /opt/airflow/dags/weather_etl_dag.py for tasks to queue
[2026-02-26T04:07:30.261+0000] {logging_mixin.py:190} INFO - [2026-02-26T04:07:30.260+0000] {dagbag.py:588} INFO - Filling up the DagBag from /opt/airflow/dags/weather_etl_dag.py
[2026-02-26T04:07:30.703+0000] {processor.py:925} INFO - DAG(s) 'weather_etl_daily' retrieved from /opt/airflow/dags/weather_etl_dag.py
[2026-02-26T04:07:30.749+0000] {logging_mixin.py:190} INFO - [2026-02-26T04:07:30.748+0000] {dag.py:3239} INFO - Sync 1 DAGs
[2026-02-26T04:07:30.781+0000] {logging_mixin.py:190} INFO - [2026-02-26T04:07:30.781+0000] {dag.py:4180} INFO - Setting next_dagrun for weather_etl_daily to 2026-02-26 03:00:00+00:00, run_after=2026-02-26 06:00:00+00:00
[2026-02-26T04:07:30.801+0000] {processor.py:208} INFO - Processing /opt/airflow/dags/weather_etl_dag.py took 0.553 seconds
[2026-02-26T04:08:00.871+0000] {processor.py:186} INFO - Started process (PID=397) to work on /opt/airflow/dags/weather_etl_dag.py
[2026-02-26T04:08:00.873+0000] {processor.py:914} INFO - Processing file /opt/airflow/dags/weather_etl_dag.py for tasks to queue
[2026-02-26T04:08:00.874+0000] {logging_mixin.py:190} INFO - [2026-02-26T04:08:00.874+0000] {dagbag.py:588} INFO - Filling up the DagBag from /opt/airflow/dags/weather_etl_dag.py
[2026-02-26T04:08:01.320+0000] {processor.py:925} INFO - DAG(s) 'weather_etl_daily' retrieved from /opt/airflow/dags/weather_etl_dag.py
[2026-02-26T04:08:01.367+0000] {logging_mixin.py:190} INFO - [2026-02-26T04:08:01.367+0000] {dag.py:3239} INFO - Sync 1 DAGs
[2026-02-26T04:08:01.400+0000] {logging_mixin.py:190} INFO - [2026-02-26T04:08:01.400+0000] {dag.py:4180} INFO - Setting next_dagrun for weather_etl_daily to 2026-02-26 03:00:00+00:00, run_after=2026-02-26 06:00:00+00:00
[2026-02-26T04:08:01.420+0000] {processor.py:208} INFO - Processing /opt/airflow/dags/weather_etl_dag.py took 0.558 seconds
[2026-02-26T04:08:32.159+0000] {processor.py:186} INFO - Started process (PID=415) to work on /opt/airflow/dags/weather_etl_dag.py
[2026-02-26T04:08:32.161+0000] {processor.py:914} INFO - Processing file /opt/airflow/dags/weather_etl_dag.py for tasks to queue
[2026-02-26T04:08:32.163+0000] {logging_mixin.py:190} INFO - [2026-02-26T04:08:32.162+0000] {dagbag.py:588} INFO - Filling up the DagBag from /opt/airflow/dags/weather_etl_dag.py
[2026-02-26T04:08:32.618+0000] {processor.py:925} INFO - DAG(s) 'weather_etl_daily' retrieved from /opt/airflow/dags/weather_etl_dag.py
[2026-02-26T04:08:32.661+0000] {logging_mixin.py:190} INFO - [2026-02-26T04:08:32.659+0000] {dag.py:3239} INFO - Sync 1 DAGs
[2026-02-26T04:08:32.691+0000] {logging_mixin.py:190} INFO - [2026-02-26T04:08:32.691+0000] {dag.py:4180} INFO - Setting next_dagrun for weather_etl_daily to 2026-02-26 03:00:00+00:00, run_after=2026-02-26 06:00:00+00:00
[2026-02-26T04:08:32.711+0000] {processor.py:208} INFO - Processing /opt/airflow/dags/weather_etl_dag.py took 0.563 seconds
[2026-02-26T04:09:03.571+0000] {processor.py:186} INFO - Started process (PID=433) to work on /opt/airflow/dags/weather_etl_dag.py
[2026-02-26T04:09:03.572+0000] {processor.py:914} INFO - Processing file /opt/airflow/dags/weather_etl_dag.py for tasks to queue
[2026-02-26T04:09:03.574+0000] {logging_mixin.py:190} INFO - [2026-02-26T04:09:03.573+0000] {dagbag.py:588} INFO - Filling up the DagBag from /opt/airflow/dags/weather_etl_dag.py
[2026-02-26T04:09:04.007+0000] {processor.py:925} INFO - DAG(s) 'weather_etl_daily' retrieved from /opt/airflow/dags/weather_etl_dag.py
[2026-02-26T04:09:04.053+0000] {logging_mixin.py:190} INFO - [2026-02-26T04:09:04.052+0000] {dag.py:3239} INFO - Sync 1 DAGs
[2026-02-26T04:09:04.084+0000] {logging_mixin.py:190} INFO - [2026-02-26T04:09:04.084+0000] {dag.py:4180} INFO - Setting next_dagrun for weather_etl_daily to 2026-02-26 03:00:00+00:00, run_after=2026-02-26 06:00:00+00:00
[2026-02-26T04:09:04.103+0000] {processor.py:208} INFO - Processing /opt/airflow/dags/weather_etl_dag.py took 0.543 seconds
[2026-02-26T04:09:34.993+0000] {processor.py:186} INFO - Started process (PID=451) to work on /opt/airflow/dags/weather_etl_dag.py
[2026-02-26T04:09:34.994+0000] {processor.py:914} INFO - Processing file /opt/airflow/dags/weather_etl_dag.py for tasks to queue
[2026-02-26T04:09:34.996+0000] {logging_mixin.py:190} INFO - [2026-02-26T04:09:34.996+0000] {dagbag.py:588} INFO - Filling up the DagBag from /opt/airflow/dags/weather_etl_dag.py
[2026-02-26T04:09:35.446+0000] {processor.py:925} INFO - DAG(s) 'weather_etl_daily' retrieved from /opt/airflow/dags/weather_etl_dag.py
[2026-02-26T04:09:35.489+0000] {logging_mixin.py:190} INFO - [2026-02-26T04:09:35.489+0000] {dag.py:3239} INFO - Sync 1 DAGs
[2026-02-26T04:09:35.520+0000] {logging_mixin.py:190} INFO - [2026-02-26T04:09:35.519+0000] {dag.py:4180} INFO - Setting next_dagrun for weather_etl_daily to 2026-02-26 03:00:00+00:00, run_after=2026-02-26 06:00:00+00:00
[2026-02-26T04:09:35.541+0000] {processor.py:208} INFO - Processing /opt/airflow/dags/weather_etl_dag.py took 0.557 seconds
[2026-02-26T04:10:06.427+0000] {processor.py:186} INFO - Started process (PID=469) to work on /opt/airflow/dags/weather_etl_dag.py
[2026-02-26T04:10:06.428+0000] {processor.py:914} INFO - Processing file /opt/airflow/dags/weather_etl_dag.py for tasks to queue
[2026-02-26T04:10:06.430+0000] {logging_mixin.py:190} INFO - [2026-02-26T04:10:06.430+0000] {dagbag.py:588} INFO - Filling up the DagBag from /opt/airflow/dags/weather_etl_dag.py
[2026-02-26T04:10:06.833+0000] {processor.py:925} INFO - DAG(s) 'weather_etl_daily' retrieved from /opt/airflow/dags/weather_etl_dag.py
[2026-02-26T04:10:06.878+0000] {logging_mixin.py:190} INFO - [2026-02-26T04:10:06.877+0000] {dag.py:3239} INFO - Sync 1 DAGs
[2026-02-26T04:10:06.911+0000] {logging_mixin.py:190} INFO - [2026-02-26T04:10:06.910+0000] {dag.py:4180} INFO - Setting next_dagrun for weather_etl_daily to 2026-02-26 03:00:00+00:00, run_after=2026-02-26 06:00:00+00:00
[2026-02-26T04:10:06.930+0000] {processor.py:208} INFO - Processing /opt/airflow/dags/weather_etl_dag.py took 0.513 seconds
[2026-02-26T04:10:37.845+0000] {processor.py:186} INFO - Started process (PID=487) to work on /opt/airflow/dags/weather_etl_dag.py
[2026-02-26T04:10:37.847+0000] {processor.py:914} INFO - Processing file /opt/airflow/dags/weather_etl_dag.py for tasks to queue
[2026-02-26T04:10:37.849+0000] {logging_mixin.py:190} INFO - [2026-02-26T04:10:37.848+0000] {dagbag.py:588} INFO - Filling up the DagBag from /opt/airflow/dags/weather_etl_dag.py
[2026-02-26T04:10:38.307+0000] {processor.py:925} INFO - DAG(s) 'weather_etl_daily' retrieved from /opt/airflow/dags/weather_etl_dag.py
[2026-02-26T04:10:38.364+0000] {logging_mixin.py:190} INFO - [2026-02-26T04:10:38.363+0000] {dag.py:3239} INFO - Sync 1 DAGs
[2026-02-26T04:10:38.399+0000] {logging_mixin.py:190} INFO - [2026-02-26T04:10:38.399+0000] {dag.py:4180} INFO - Setting next_dagrun for weather_etl_daily to 2026-02-26 03:00:00+00:00, run_after=2026-02-26 06:00:00+00:00
[2026-02-26T04:10:38.425+0000] {processor.py:208} INFO - Processing /opt/airflow/dags/weather_etl_dag.py took 0.590 seconds
[2026-02-26T04:11:09.239+0000] {processor.py:186} INFO - Started process (PID=505) to work on /opt/airflow/dags/weather_etl_dag.py
[2026-02-26T04:11:09.240+0000] {processor.py:914} INFO - Processing file /opt/airflow/dags/weather_etl_dag.py for tasks to queue
[2026-02-26T04:11:09.241+0000] {logging_mixin.py:190} INFO - [2026-02-26T04:11:09.241+0000] {dagbag.py:588} INFO - Filling up the DagBag from /opt/airflow/dags/weather_etl_dag.py
[2026-02-26T04:11:09.640+0000] {processor.py:925} INFO - DAG(s) 'weather_etl_daily' retrieved from /opt/airflow/dags/weather_etl_dag.py
[2026-02-26T04:11:09.695+0000] {logging_mixin.py:190} INFO - [2026-02-26T04:11:09.694+0000] {dag.py:3239} INFO - Sync 1 DAGs
[2026-02-26T04:11:09.727+0000] {logging_mixin.py:190} INFO - [2026-02-26T04:11:09.727+0000] {dag.py:4180} INFO - Setting next_dagrun for weather_etl_daily to 2026-02-26 03:00:00+00:00, run_after=2026-02-26 06:00:00+00:00
[2026-02-26T04:11:09.747+0000] {processor.py:208} INFO - Processing /opt/airflow/dags/weather_etl_dag.py took 0.519 seconds
[2026-02-26T04:11:39.840+0000] {processor.py:186} INFO - Started process (PID=523) to work on /opt/airflow/dags/weather_etl_dag.py
[2026-02-26T04:11:39.841+0000] {processor.py:914} INFO - Processing file /opt/airflow/dags/weather_etl_dag.py for tasks to queue
[2026-02-26T04:11:39.843+0000] {logging_mixin.py:190} INFO - [2026-02-26T04:11:39.842+0000] {dagbag.py:588} INFO - Filling up the DagBag from /opt/airflow/dags/weather_etl_dag.py
[2026-02-26T04:11:40.283+0000] {processor.py:925} INFO - DAG(s) 'weather_etl_daily' retrieved from /opt/airflow/dags/weather_etl_dag.py
[2026-02-26T04:11:40.324+0000] {logging_mixin.py:190} INFO - [2026-02-26T04:11:40.324+0000] {dag.py:3239} INFO - Sync 1 DAGs
[2026-02-26T04:11:40.351+0000] {logging_mixin.py:190} INFO - [2026-02-26T04:11:40.350+0000] {dag.py:4180} INFO - Setting next_dagrun for weather_etl_daily to 2026-02-26 03:00:00+00:00, run_after=2026-02-26 06:00:00+00:00
[2026-02-26T04:11:40.367+0000] {processor.py:208} INFO - Processing /opt/airflow/dags/weather_etl_dag.py took 0.538 seconds
[2026-02-26T04:12:11.123+0000] {processor.py:186} INFO - Started process (PID=541) to work on /opt/airflow/dags/weather_etl_dag.py
[2026-02-26T04:12:11.124+0000] {processor.py:914} INFO - Processing file /opt/airflow/dags/weather_etl_dag.py for tasks to queue
[2026-02-26T04:12:11.125+0000] {logging_mixin.py:190} INFO - [2026-02-26T04:12:11.125+0000] {dagbag.py:588} INFO - Filling up the DagBag from /opt/airflow/dags/weather_etl_dag.py
[2026-02-26T04:12:11.515+0000] {processor.py:925} INFO - DAG(s) 'weather_etl_daily' retrieved from /opt/airflow/dags/weather_etl_dag.py
[2026-02-26T04:12:11.556+0000] {logging_mixin.py:190} INFO - [2026-02-26T04:12:11.555+0000] {dag.py:3239} INFO - Sync 1 DAGs
[2026-02-26T04:12:11.586+0000] {logging_mixin.py:190} INFO - [2026-02-26T04:12:11.585+0000] {dag.py:4180} INFO - Setting next_dagrun for weather_etl_daily to 2026-02-26 03:00:00+00:00, run_after=2026-02-26 06:00:00+00:00
[2026-02-26T04:12:11.607+0000] {processor.py:208} INFO - Processing /opt/airflow/dags/weather_etl_dag.py took 0.495 seconds
[2026-02-26T04:12:41.683+0000] {processor.py:186} INFO - Started process (PID=559) to work on /opt/airflow/dags/weather_etl_dag.py
[2026-02-26T04:12:41.684+0000] {processor.py:914} INFO - Processing file /opt/airflow/dags/weather_etl_dag.py for tasks to queue
[2026-02-26T04:12:41.685+0000] {logging_mixin.py:190} INFO - [2026-02-26T04:12:41.685+0000] {dagbag.py:588} INFO - Filling up the DagBag from /opt/airflow/dags/weather_etl_dag.py
[2026-02-26T04:12:42.073+0000] {processor.py:925} INFO - DAG(s) 'weather_etl_daily' retrieved from /opt/airflow/dags/weather_etl_dag.py
[2026-02-26T04:12:42.116+0000] {logging_mixin.py:190} INFO - [2026-02-26T04:12:42.115+0000] {dag.py:3239} INFO - Sync 1 DAGs
[2026-02-26T04:12:42.148+0000] {logging_mixin.py:190} INFO - [2026-02-26T04:12:42.148+0000] {dag.py:4180} INFO - Setting next_dagrun for weather_etl_daily to 2026-02-26 03:00:00+00:00, run_after=2026-02-26 06:00:00+00:00
[2026-02-26T04:12:42.168+0000] {processor.py:208} INFO - Processing /opt/airflow/dags/weather_etl_dag.py took 0.495 seconds
[2026-02-26T04:13:12.944+0000] {processor.py:186} INFO - Started process (PID=577) to work on /opt/airflow/dags/weather_etl_dag.py
[2026-02-26T04:13:12.946+0000] {processor.py:914} INFO - Processing file /opt/airflow/dags/weather_etl_dag.py for tasks to queue
[2026-02-26T04:13:12.948+0000] {logging_mixin.py:190} INFO - [2026-02-26T04:13:12.947+0000] {dagbag.py:588} INFO - Filling up the DagBag from /opt/airflow/dags/weather_etl_dag.py
[2026-02-26T04:13:13.401+0000] {processor.py:925} INFO - DAG(s) 'weather_etl_daily' retrieved from /opt/airflow/dags/weather_etl_dag.py
[2026-02-26T04:13:13.443+0000] {logging_mixin.py:190} INFO - [2026-02-26T04:13:13.442+0000] {dag.py:3239} INFO - Sync 1 DAGs
[2026-02-26T04:13:13.475+0000] {logging_mixin.py:190} INFO - [2026-02-26T04:13:13.475+0000] {dag.py:4180} INFO - Setting next_dagrun for weather_etl_daily to 2026-02-26 03:00:00+00:00, run_after=2026-02-26 06:00:00+00:00
[2026-02-26T04:13:13.494+0000] {processor.py:208} INFO - Processing /opt/airflow/dags/weather_etl_dag.py took 0.560 seconds
[2026-02-26T04:13:44.394+0000] {processor.py:186} INFO - Started process (PID=595) to work on /opt/airflow/dags/weather_etl_dag.py
[2026-02-26T04:13:44.395+0000] {processor.py:914} INFO - Processing file /opt/airflow/dags/weather_etl_dag.py for tasks to queue
[2026-02-26T04:13:44.397+0000] {logging_mixin.py:190} INFO - [2026-02-26T04:13:44.396+0000] {dagbag.py:588} INFO - Filling up the DagBag from /opt/airflow/dags/weather_etl_dag.py
[2026-02-26T04:13:44.794+0000] {processor.py:925} INFO - DAG(s) 'weather_etl_daily' retrieved from /opt/airflow/dags/weather_etl_dag.py
[2026-02-26T04:13:44.838+0000] {logging_mixin.py:190} INFO - [2026-02-26T04:13:44.836+0000] {dag.py:3239} INFO - Sync 1 DAGs
[2026-02-26T04:13:44.869+0000] {logging_mixin.py:190} INFO - [2026-02-26T04:13:44.868+0000] {dag.py:4180} INFO - Setting next_dagrun for weather_etl_daily to 2026-02-26 03:00:00+00:00, run_after=2026-02-26 06:00:00+00:00
[2026-02-26T04:13:44.888+0000] {processor.py:208} INFO - Processing /opt/airflow/dags/weather_etl_dag.py took 0.504 seconds
[2026-02-26T04:14:15.808+0000] {processor.py:186} INFO - Started process (PID=613) to work on /opt/airflow/dags/weather_etl_dag.py
[2026-02-26T04:14:15.810+0000] {processor.py:914} INFO - Processing file /opt/airflow/dags/weather_etl_dag.py for tasks to queue
[2026-02-26T04:14:15.811+0000] {logging_mixin.py:190} INFO - [2026-02-26T04:14:15.811+0000] {dagbag.py:588} INFO - Filling up the DagBag from /opt/airflow/dags/weather_etl_dag.py
[2026-02-26T04:14:16.239+0000] {processor.py:925} INFO - DAG(s) 'weather_etl_daily' retrieved from /opt/airflow/dags/weather_etl_dag.py
[2026-02-26T04:14:16.283+0000] {logging_mixin.py:190} INFO - [2026-02-26T04:14:16.282+0000] {dag.py:3239} INFO - Sync 1 DAGs
[2026-02-26T04:14:16.314+0000] {logging_mixin.py:190} INFO - [2026-02-26T04:14:16.314+0000] {dag.py:4180} INFO - Setting next_dagrun for weather_etl_daily to 2026-02-26 03:00:00+00:00, run_after=2026-02-26 06:00:00+00:00
[2026-02-26T04:14:16.332+0000] {processor.py:208} INFO - Processing /opt/airflow/dags/weather_etl_dag.py took 0.533 seconds
[2026-02-26T04:14:46.405+0000] {processor.py:186} INFO - Started process (PID=631) to work on /opt/airflow/dags/weather_etl_dag.py
[2026-02-26T04:14:46.407+0000] {processor.py:914} INFO - Processing file /opt/airflow/dags/weather_etl_dag.py for tasks to queue
[2026-02-26T04:14:46.408+0000] {logging_mixin.py:190} INFO - [2026-02-26T04:14:46.408+0000] {dagbag.py:588} INFO - Filling up the DagBag from /opt/airflow/dags/weather_etl_dag.py
[2026-02-26T04:14:46.852+0000] {processor.py:925} INFO - DAG(s) 'weather_etl_daily' retrieved from /opt/airflow/dags/weather_etl_dag.py
[2026-02-26T04:14:46.907+0000] {logging_mixin.py:190} INFO - [2026-02-26T04:14:46.907+0000] {dag.py:3239} INFO - Sync 1 DAGs
[2026-02-26T04:14:46.938+0000] {logging_mixin.py:190} INFO - [2026-02-26T04:14:46.938+0000] {dag.py:4180} INFO - Setting next_dagrun for weather_etl_daily to 2026-02-26 03:00:00+00:00, run_after=2026-02-26 06:00:00+00:00
[2026-02-26T04:14:46.959+0000] {processor.py:208} INFO - Processing /opt/airflow/dags/weather_etl_dag.py took 0.562 seconds
[2026-02-26T04:15:17.677+0000] {processor.py:186} INFO - Started process (PID=649) to work on /opt/airflow/dags/weather_etl_dag.py
[2026-02-26T04:15:17.678+0000] {processor.py:914} INFO - Processing file /opt/airflow/dags/weather_etl_dag.py for tasks to queue
[2026-02-26T04:15:17.680+0000] {logging_mixin.py:190} INFO - [2026-02-26T04:15:17.679+0000] {dagbag.py:588} INFO - Filling up the DagBag from /opt/airflow/dags/weather_etl_dag.py
[2026-02-26T04:15:18.136+0000] {processor.py:925} INFO - DAG(s) 'weather_etl_daily' retrieved from /opt/airflow/dags/weather_etl_dag.py
[2026-02-26T04:15:18.186+0000] {logging_mixin.py:190} INFO - [2026-02-26T04:15:18.186+0000] {dag.py:3239} INFO - Sync 1 DAGs
[2026-02-26T04:15:18.219+0000] {logging_mixin.py:190} INFO - [2026-02-26T04:15:18.218+0000] {dag.py:4180} INFO - Setting next_dagrun for weather_etl_daily to 2026-02-26 03:00:00+00:00, run_after=2026-02-26 06:00:00+00:00
[2026-02-26T04:15:18.237+0000] {processor.py:208} INFO - Processing /opt/airflow/dags/weather_etl_dag.py took 0.570 seconds
[2026-02-26T04:15:49.095+0000] {processor.py:186} INFO - Started process (PID=667) to work on /opt/airflow/dags/weather_etl_dag.py
[2026-02-26T04:15:49.096+0000] {processor.py:914} INFO - Processing file /opt/airflow/dags/weather_etl_dag.py for tasks to queue
[2026-02-26T04:15:49.097+0000] {logging_mixin.py:190} INFO - [2026-02-26T04:15:49.097+0000] {dagbag.py:588} INFO - Filling up the DagBag from /opt/airflow/dags/weather_etl_dag.py
[2026-02-26T04:15:49.506+0000] {processor.py:925} INFO - DAG(s) 'weather_etl_daily' retrieved from /opt/airflow/dags/weather_etl_dag.py
[2026-02-26T04:15:49.543+0000] {logging_mixin.py:190} INFO - [2026-02-26T04:15:49.543+0000] {dag.py:3239} INFO - Sync 1 DAGs
[2026-02-26T04:15:49.575+0000] {logging_mixin.py:190} INFO - [2026-02-26T04:15:49.574+0000] {dag.py:4180} INFO - Setting next_dagrun for weather_etl_daily to 2026-02-26 03:00:00+00:00, run_after=2026-02-26 06:00:00+00:00
[2026-02-26T04:15:49.594+0000] {processor.py:208} INFO - Processing /opt/airflow/dags/weather_etl_dag.py took 0.508 seconds
[2026-02-26T04:16:19.680+0000] {processor.py:186} INFO - Started process (PID=685) to work on /opt/airflow/dags/weather_etl_dag.py
[2026-02-26T04:16:19.681+0000] {processor.py:914} INFO - Processing file /opt/airflow/dags/weather_etl_dag.py for tasks to queue
[2026-02-26T04:16:19.683+0000] {logging_mixin.py:190} INFO - [2026-02-26T04:16:19.682+0000] {dagbag.py:588} INFO - Filling up the DagBag from /opt/airflow/dags/weather_etl_dag.py
[2026-02-26T04:16:20.078+0000] {processor.py:925} INFO - DAG(s) 'weather_etl_daily' retrieved from /opt/airflow/dags/weather_etl_dag.py
[2026-02-26T04:16:20.121+0000] {logging_mixin.py:190} INFO - [2026-02-26T04:16:20.120+0000] {dag.py:3239} INFO - Sync 1 DAGs
[2026-02-26T04:16:20.153+0000] {logging_mixin.py:190} INFO - [2026-02-26T04:16:20.152+0000] {dag.py:4180} INFO - Setting next_dagrun for weather_etl_daily to 2026-02-26 03:00:00+00:00, run_after=2026-02-26 06:00:00+00:00
[2026-02-26T04:16:20.172+0000] {processor.py:208} INFO - Processing /opt/airflow/dags/weather_etl_dag.py took 0.502 seconds
[2026-02-26T04:16:50.959+0000] {processor.py:186} INFO - Started process (PID=703) to work on /opt/airflow/dags/weather_etl_dag.py
[2026-02-26T04:16:50.961+0000] {processor.py:914} INFO - Processing file /opt/airflow/dags/weather_etl_dag.py for tasks to queue
[2026-02-26T04:16:50.962+0000] {logging_mixin.py:190} INFO - [2026-02-26T04:16:50.962+0000] {dagbag.py:588} INFO - Filling up the DagBag from /opt/airflow/dags/weather_etl_dag.py
[2026-02-26T04:16:51.369+0000] {processor.py:925} INFO - DAG(s) 'weather_etl_daily' retrieved from /opt/airflow/dags/weather_etl_dag.py
[2026-02-26T04:16:51.414+0000] {logging_mixin.py:190} INFO - [2026-02-26T04:16:51.413+0000] {dag.py:3239} INFO - Sync 1 DAGs
[2026-02-26T04:16:51.446+0000] {logging_mixin.py:190} INFO - [2026-02-26T04:16:51.446+0000] {dag.py:4180} INFO - Setting next_dagrun for weather_etl_daily to 2026-02-26 03:00:00+00:00, run_after=2026-02-26 06:00:00+00:00
[2026-02-26T04:16:51.470+0000] {processor.py:208} INFO - Processing /opt/airflow/dags/weather_etl_dag.py took 0.521 seconds
[2026-02-26T04:17:21.566+0000] {processor.py:186} INFO - Started process (PID=721) to work on /opt/airflow/dags/weather_etl_dag.py
[2026-02-26T04:17:21.567+0000] {processor.py:914} INFO - Processing file /opt/airflow/dags/weather_etl_dag.py for tasks to queue
[2026-02-26T04:17:21.568+0000] {logging_mixin.py:190} INFO - [2026-02-26T04:17:21.568+0000] {dagbag.py:588} INFO - Filling up the DagBag from /opt/airflow/dags/weather_etl_dag.py
[2026-02-26T04:17:22.027+0000] {processor.py:925} INFO - DAG(s) 'weather_etl_daily' retrieved from /opt/airflow/dags/weather_etl_dag.py
[2026-02-26T04:17:22.070+0000] {logging_mixin.py:190} INFO - [2026-02-26T04:17:22.069+0000] {dag.py:3239} INFO - Sync 1 DAGs
[2026-02-26T04:17:22.100+0000] {logging_mixin.py:190} INFO - [2026-02-26T04:17:22.100+0000] {dag.py:4180} INFO - Setting next_dagrun for weather_etl_daily to 2026-02-26 03:00:00+00:00, run_after=2026-02-26 06:00:00+00:00
[2026-02-26T04:17:22.121+0000] {processor.py:208} INFO - Processing /opt/airflow/dags/weather_etl_dag.py took 0.565 seconds
[2026-02-26T04:17:52.841+0000] {processor.py:186} INFO - Started process (PID=739) to work on /opt/airflow/dags/weather_etl_dag.py
[2026-02-26T04:17:52.847+0000] {processor.py:914} INFO - Processing file /opt/airflow/dags/weather_etl_dag.py for tasks to queue
[2026-02-26T04:17:52.849+0000] {logging_mixin.py:190} INFO - [2026-02-26T04:17:52.848+0000] {dagbag.py:588} INFO - Filling up the DagBag from /opt/airflow/dags/weather_etl_dag.py
[2026-02-26T04:17:53.359+0000] {processor.py:925} INFO - DAG(s) 'weather_etl_daily' retrieved from /opt/airflow/dags/weather_etl_dag.py
[2026-02-26T04:17:53.401+0000] {logging_mixin.py:190} INFO - [2026-02-26T04:17:53.400+0000] {dag.py:3239} INFO - Sync 1 DAGs
[2026-02-26T04:17:53.443+0000] {logging_mixin.py:190} INFO - [2026-02-26T04:17:53.443+0000] {dag.py:4180} INFO - Setting next_dagrun for weather_etl_daily to 2026-02-26 03:00:00+00:00, run_after=2026-02-26 06:00:00+00:00
[2026-02-26T04:17:53.472+0000] {processor.py:208} INFO - Processing /opt/airflow/dags/weather_etl_dag.py took 0.641 seconds
[2026-02-26T04:18:24.256+0000] {processor.py:186} INFO - Started process (PID=757) to work on /opt/airflow/dags/weather_etl_dag.py
[2026-02-26T04:18:24.257+0000] {processor.py:914} INFO - Processing file /opt/airflow/dags/weather_etl_dag.py for tasks to queue
[2026-02-26T04:18:24.259+0000] {logging_mixin.py:190} INFO - [2026-02-26T04:18:24.258+0000] {dagbag.py:588} INFO - Filling up the DagBag from /opt/airflow/dags/weather_etl_dag.py
[2026-02-26T04:18:24.662+0000] {processor.py:925} INFO - DAG(s) 'weather_etl_daily' retrieved from /opt/airflow/dags/weather_etl_dag.py
[2026-02-26T04:18:24.704+0000] {logging_mixin.py:190} INFO - [2026-02-26T04:18:24.703+0000] {dag.py:3239} INFO - Sync 1 DAGs
[2026-02-26T04:18:24.747+0000] {logging_mixin.py:190} INFO - [2026-02-26T04:18:24.747+0000] {dag.py:4180} INFO - Setting next_dagrun for weather_etl_daily to 2026-02-26 03:00:00+00:00, run_after=2026-02-26 06:00:00+00:00
[2026-02-26T04:18:24.765+0000] {processor.py:208} INFO - Processing /opt/airflow/dags/weather_etl_dag.py took 0.519 seconds
[2026-02-26T04:18:55.644+0000] {processor.py:186} INFO - Started process (PID=775) to work on /opt/airflow/dags/weather_etl_dag.py
[2026-02-26T04:18:55.646+0000] {processor.py:914} INFO - Processing file /opt/airflow/dags/weather_etl_dag.py for tasks to queue
[2026-02-26T04:18:55.647+0000] {logging_mixin.py:190} INFO - [2026-02-26T04:18:55.647+0000] {dagbag.py:588} INFO - Filling up the DagBag from /opt/airflow/dags/weather_etl_dag.py
[2026-02-26T04:18:56.102+0000] {processor.py:925} INFO - DAG(s) 'weather_etl_daily' retrieved from /opt/airflow/dags/weather_etl_dag.py
[2026-02-26T04:18:56.155+0000] {logging_mixin.py:190} INFO - [2026-02-26T04:18:56.153+0000] {dag.py:3239} INFO - Sync 1 DAGs
[2026-02-26T04:18:56.184+0000] {logging_mixin.py:190} INFO - [2026-02-26T04:18:56.184+0000] {dag.py:4180} INFO - Setting next_dagrun for weather_etl_daily to 2026-02-26 03:00:00+00:00, run_after=2026-02-26 06:00:00+00:00
[2026-02-26T04:18:56.203+0000] {processor.py:208} INFO - Processing /opt/airflow/dags/weather_etl_dag.py took 0.571 seconds
[2026-02-26T04:19:27.010+0000] {processor.py:186} INFO - Started process (PID=793) to work on /opt/airflow/dags/weather_etl_dag.py
[2026-02-26T04:19:27.011+0000] {processor.py:914} INFO - Processing file /opt/airflow/dags/weather_etl_dag.py for tasks to queue
[2026-02-26T04:19:27.012+0000] {logging_mixin.py:190} INFO - [2026-02-26T04:19:27.012+0000] {dagbag.py:588} INFO - Filling up the DagBag from /opt/airflow/dags/weather_etl_dag.py
[2026-02-26T04:19:27.446+0000] {processor.py:925} INFO - DAG(s) 'weather_etl_daily' retrieved from /opt/airflow/dags/weather_etl_dag.py
[2026-02-26T04:19:27.482+0000] {logging_mixin.py:190} INFO - [2026-02-26T04:19:27.481+0000] {dag.py:3239} INFO - Sync 1 DAGs
[2026-02-26T04:19:27.512+0000] {logging_mixin.py:190} INFO - [2026-02-26T04:19:27.512+0000] {dag.py:4180} INFO - Setting next_dagrun for weather_etl_daily to 2026-02-26 03:00:00+00:00, run_after=2026-02-26 06:00:00+00:00
[2026-02-26T04:19:27.531+0000] {processor.py:208} INFO - Processing /opt/airflow/dags/weather_etl_dag.py took 0.531 seconds
[2026-02-26T04:19:58.435+0000] {processor.py:186} INFO - Started process (PID=811) to work on /opt/airflow/dags/weather_etl_dag.py
[2026-02-26T04:19:58.436+0000] {processor.py:914} INFO - Processing file /opt/airflow/dags/weather_etl_dag.py for tasks to queue
[2026-02-26T04:19:58.438+0000] {logging_mixin.py:190} INFO - [2026-02-26T04:19:58.437+0000] {dagbag.py:588} INFO - Filling up the DagBag from /opt/airflow/dags/weather_etl_dag.py
[2026-02-26T04:19:58.891+0000] {processor.py:925} INFO - DAG(s) 'weather_etl_daily' retrieved from /opt/airflow/dags/weather_etl_dag.py
[2026-02-26T04:19:58.933+0000] {logging_mixin.py:190} INFO - [2026-02-26T04:19:58.932+0000] {dag.py:3239} INFO - Sync 1 DAGs
[2026-02-26T04:19:58.977+0000] {logging_mixin.py:190} INFO - [2026-02-26T04:19:58.977+0000] {dag.py:4180} INFO - Setting next_dagrun for weather_etl_daily to 2026-02-26 03:00:00+00:00, run_after=2026-02-26 06:00:00+00:00
[2026-02-26T04:19:58.998+0000] {processor.py:208} INFO - Processing /opt/airflow/dags/weather_etl_dag.py took 0.573 seconds
[2026-02-26T04:20:29.833+0000] {processor.py:186} INFO - Started process (PID=829) to work on /opt/airflow/dags/weather_etl_dag.py
[2026-02-26T04:20:29.834+0000] {processor.py:914} INFO - Processing file /opt/airflow/dags/weather_etl_dag.py for tasks to queue
[2026-02-26T04:20:29.836+0000] {logging_mixin.py:190} INFO - [2026-02-26T04:20:29.835+0000] {dagbag.py:588} INFO - Filling up the DagBag from /opt/airflow/dags/weather_etl_dag.py
[2026-02-26T04:20:30.271+0000] {processor.py:925} INFO - DAG(s) 'weather_etl_daily' retrieved from /opt/airflow/dags/weather_etl_dag.py
[2026-02-26T04:20:30.313+0000] {logging_mixin.py:190} INFO - [2026-02-26T04:20:30.312+0000] {dag.py:3239} INFO - Sync 1 DAGs
[2026-02-26T04:20:30.344+0000] {logging_mixin.py:190} INFO - [2026-02-26T04:20:30.344+0000] {dag.py:4180} INFO - Setting next_dagrun for weather_etl_daily to 2026-02-26 03:00:00+00:00, run_after=2026-02-26 06:00:00+00:00
[2026-02-26T04:20:30.363+0000] {processor.py:208} INFO - Processing /opt/airflow/dags/weather_etl_dag.py took 0.540 seconds
[2026-02-26T04:21:01.244+0000] {processor.py:186} INFO - Started process (PID=847) to work on /opt/airflow/dags/weather_etl_dag.py
[2026-02-26T04:21:01.246+0000] {processor.py:914} INFO - Processing file /opt/airflow/dags/weather_etl_dag.py for tasks to queue
[2026-02-26T04:21:01.248+0000] {logging_mixin.py:190} INFO - [2026-02-26T04:21:01.247+0000] {dagbag.py:588} INFO - Filling up the DagBag from /opt/airflow/dags/weather_etl_dag.py
[2026-02-26T04:21:01.720+0000] {processor.py:925} INFO - DAG(s) 'weather_etl_daily' retrieved from /opt/airflow/dags/weather_etl_dag.py
[2026-02-26T04:21:01.767+0000] {logging_mixin.py:190} INFO - [2026-02-26T04:21:01.766+0000] {dag.py:3239} INFO - Sync 1 DAGs
[2026-02-26T04:21:01.805+0000] {logging_mixin.py:190} INFO - [2026-02-26T04:21:01.805+0000] {dag.py:4180} INFO - Setting next_dagrun for weather_etl_daily to 2026-02-26 03:00:00+00:00, run_after=2026-02-26 06:00:00+00:00
[2026-02-26T04:21:01.835+0000] {processor.py:208} INFO - Processing /opt/airflow/dags/weather_etl_dag.py took 0.602 seconds
[2026-02-26T04:21:32.653+0000] {processor.py:186} INFO - Started process (PID=865) to work on /opt/airflow/dags/weather_etl_dag.py
[2026-02-26T04:21:32.654+0000] {processor.py:914} INFO - Processing file /opt/airflow/dags/weather_etl_dag.py for tasks to queue
[2026-02-26T04:21:32.656+0000] {logging_mixin.py:190} INFO - [2026-02-26T04:21:32.655+0000] {dagbag.py:588} INFO - Filling up the DagBag from /opt/airflow/dags/weather_etl_dag.py
[2026-02-26T04:21:33.048+0000] {processor.py:925} INFO - DAG(s) 'weather_etl_daily' retrieved from /opt/airflow/dags/weather_etl_dag.py
[2026-02-26T04:21:33.093+0000] {logging_mixin.py:190} INFO - [2026-02-26T04:21:33.091+0000] {dag.py:3239} INFO - Sync 1 DAGs
[2026-02-26T04:21:33.123+0000] {logging_mixin.py:190} INFO - [2026-02-26T04:21:33.123+0000] {dag.py:4180} INFO - Setting next_dagrun for weather_etl_daily to 2026-02-26 03:00:00+00:00, run_after=2026-02-26 06:00:00+00:00
[2026-02-26T04:21:33.142+0000] {processor.py:208} INFO - Processing /opt/airflow/dags/weather_etl_dag.py took 0.499 seconds
[2026-02-26T04:22:04.094+0000] {processor.py:186} INFO - Started process (PID=886) to work on /opt/airflow/dags/weather_etl_dag.py
[2026-02-26T04:22:04.095+0000] {processor.py:914} INFO - Processing file /opt/airflow/dags/weather_etl_dag.py for tasks to queue
[2026-02-26T04:22:04.096+0000] {logging_mixin.py:190} INFO - [2026-02-26T04:22:04.096+0000] {dagbag.py:588} INFO - Filling up the DagBag from /opt/airflow/dags/weather_etl_dag.py
[2026-02-26T04:22:04.498+0000] {processor.py:925} INFO - DAG(s) 'weather_etl_daily' retrieved from /opt/airflow/dags/weather_etl_dag.py
[2026-02-26T04:22:04.543+0000] {logging_mixin.py:190} INFO - [2026-02-26T04:22:04.542+0000] {dag.py:3239} INFO - Sync 1 DAGs
[2026-02-26T04:22:04.572+0000] {logging_mixin.py:190} INFO - [2026-02-26T04:22:04.572+0000] {dag.py:4180} INFO - Setting next_dagrun for weather_etl_daily to 2026-02-26 03:00:00+00:00, run_after=2026-02-26 06:00:00+00:00
[2026-02-26T04:22:04.588+0000] {processor.py:208} INFO - Processing /opt/airflow/dags/weather_etl_dag.py took 0.504 seconds
[2026-02-26T04:22:34.722+0000] {processor.py:186} INFO - Started process (PID=906) to work on /opt/airflow/dags/weather_etl_dag.py
[2026-02-26T04:22:34.724+0000] {processor.py:914} INFO - Processing file /opt/airflow/dags/weather_etl_dag.py for tasks to queue
[2026-02-26T04:22:34.725+0000] {logging_mixin.py:190} INFO - [2026-02-26T04:22:34.725+0000] {dagbag.py:588} INFO - Filling up the DagBag from /opt/airflow/dags/weather_etl_dag.py
[2026-02-26T04:22:35.190+0000] {processor.py:925} INFO - DAG(s) 'weather_etl_daily' retrieved from /opt/airflow/dags/weather_etl_dag.py
[2026-02-26T04:22:35.234+0000] {logging_mixin.py:190} INFO - [2026-02-26T04:22:35.233+0000] {dag.py:3239} INFO - Sync 1 DAGs
[2026-02-26T04:22:35.261+0000] {logging_mixin.py:190} INFO - [2026-02-26T04:22:35.261+0000] {dag.py:4180} INFO - Setting next_dagrun for weather_etl_daily to 2026-02-26 03:00:00+00:00, run_after=2026-02-26 06:00:00+00:00
[2026-02-26T04:22:35.279+0000] {processor.py:208} INFO - Processing /opt/airflow/dags/weather_etl_dag.py took 0.566 seconds
[2026-02-26T04:23:05.994+0000] {processor.py:186} INFO - Started process (PID=924) to work on /opt/airflow/dags/weather_etl_dag.py
[2026-02-26T04:23:05.996+0000] {processor.py:914} INFO - Processing file /opt/airflow/dags/weather_etl_dag.py for tasks to queue
[2026-02-26T04:23:05.997+0000] {logging_mixin.py:190} INFO - [2026-02-26T04:23:05.997+0000] {dagbag.py:588} INFO - Filling up the DagBag from /opt/airflow/dags/weather_etl_dag.py
[2026-02-26T04:23:06.397+0000] {processor.py:925} INFO - DAG(s) 'weather_etl_daily' retrieved from /opt/airflow/dags/weather_etl_dag.py
[2026-02-26T04:23:06.439+0000] {logging_mixin.py:190} INFO - [2026-02-26T04:23:06.439+0000] {dag.py:3239} INFO - Sync 1 DAGs
[2026-02-26T04:23:06.471+0000] {logging_mixin.py:190} INFO - [2026-02-26T04:23:06.471+0000] {dag.py:4180} INFO - Setting next_dagrun for weather_etl_daily to 2026-02-26 03:00:00+00:00, run_after=2026-02-26 06:00:00+00:00
[2026-02-26T04:23:06.490+0000] {processor.py:208} INFO - Processing /opt/airflow/dags/weather_etl_dag.py took 0.506 seconds
[2026-02-26T04:23:37.414+0000] {processor.py:186} INFO - Started process (PID=942) to work on /opt/airflow/dags/weather_etl_dag.py
[2026-02-26T04:23:37.416+0000] {processor.py:914} INFO - Processing file /opt/airflow/dags/weather_etl_dag.py for tasks to queue
[2026-02-26T04:23:37.417+0000] {logging_mixin.py:190} INFO - [2026-02-26T04:23:37.417+0000] {dagbag.py:588} INFO - Filling up the DagBag from /opt/airflow/dags/weather_etl_dag.py
[2026-02-26T04:23:37.847+0000] {processor.py:925} INFO - DAG(s) 'weather_etl_daily' retrieved from /opt/airflow/dags/weather_etl_dag.py
[2026-02-26T04:23:37.902+0000] {logging_mixin.py:190} INFO - [2026-02-26T04:23:37.901+0000] {dag.py:3239} INFO - Sync 1 DAGs
[2026-02-26T04:23:37.943+0000] {logging_mixin.py:190} INFO - [2026-02-26T04:23:37.942+0000] {dag.py:4180} INFO - Setting next_dagrun for weather_etl_daily to 2026-02-26 03:00:00+00:00, run_after=2026-02-26 06:00:00+00:00
[2026-02-26T04:23:37.966+0000] {processor.py:208} INFO - Processing /opt/airflow/dags/weather_etl_dag.py took 0.563 seconds
[2026-02-26T04:24:08.820+0000] {processor.py:186} INFO - Started process (PID=960) to work on /opt/airflow/dags/weather_etl_dag.py
[2026-02-26T04:24:08.822+0000] {processor.py:914} INFO - Processing file /opt/airflow/dags/weather_etl_dag.py for tasks to queue
[2026-02-26T04:24:08.823+0000] {logging_mixin.py:190} INFO - [2026-02-26T04:24:08.823+0000] {dagbag.py:588} INFO - Filling up the DagBag from /opt/airflow/dags/weather_etl_dag.py
[2026-02-26T04:24:09.229+0000] {processor.py:925} INFO - DAG(s) 'weather_etl_daily' retrieved from /opt/airflow/dags/weather_etl_dag.py
[2026-02-26T04:24:09.283+0000] {logging_mixin.py:190} INFO - [2026-02-26T04:24:09.282+0000] {dag.py:3239} INFO - Sync 1 DAGs
[2026-02-26T04:24:09.314+0000] {logging_mixin.py:190} INFO - [2026-02-26T04:24:09.314+0000] {dag.py:4180} INFO - Setting next_dagrun for weather_etl_daily to 2026-02-26 03:00:00+00:00, run_after=2026-02-26 06:00:00+00:00
[2026-02-26T04:24:09.333+0000] {processor.py:208} INFO - Processing /opt/airflow/dags/weather_etl_dag.py took 0.523 seconds
[2026-02-26T04:24:39.417+0000] {processor.py:186} INFO - Started process (PID=978) to work on /opt/airflow/dags/weather_etl_dag.py
[2026-02-26T04:24:39.419+0000] {processor.py:914} INFO - Processing file /opt/airflow/dags/weather_etl_dag.py for tasks to queue
[2026-02-26T04:24:39.420+0000] {logging_mixin.py:190} INFO - [2026-02-26T04:24:39.420+0000] {dagbag.py:588} INFO - Filling up the DagBag from /opt/airflow/dags/weather_etl_dag.py
[2026-02-26T04:24:39.885+0000] {processor.py:925} INFO - DAG(s) 'weather_etl_daily' retrieved from /opt/airflow/dags/weather_etl_dag.py
[2026-02-26T04:24:39.934+0000] {logging_mixin.py:190} INFO - [2026-02-26T04:24:39.933+0000] {dag.py:3239} INFO - Sync 1 DAGs
[2026-02-26T04:24:39.963+0000] {logging_mixin.py:190} INFO - [2026-02-26T04:24:39.963+0000] {dag.py:4180} INFO - Setting next_dagrun for weather_etl_daily to 2026-02-26 03:00:00+00:00, run_after=2026-02-26 06:00:00+00:00
[2026-02-26T04:24:39.984+0000] {processor.py:208} INFO - Processing /opt/airflow/dags/weather_etl_dag.py took 0.576 seconds
[2026-02-26T04:25:10.733+0000] {processor.py:186} INFO - Started process (PID=996) to work on /opt/airflow/dags/weather_etl_dag.py
[2026-02-26T04:25:10.735+0000] {processor.py:914} INFO - Processing file /opt/airflow/dags/weather_etl_dag.py for tasks to queue
[2026-02-26T04:25:10.737+0000] {logging_mixin.py:190} INFO - [2026-02-26T04:25:10.736+0000] {dagbag.py:588} INFO - Filling up the DagBag from /opt/airflow/dags/weather_etl_dag.py
[2026-02-26T04:25:11.149+0000] {processor.py:925} INFO - DAG(s) 'weather_etl_daily' retrieved from /opt/airflow/dags/weather_etl_dag.py
[2026-02-26T04:25:11.191+0000] {logging_mixin.py:190} INFO - [2026-02-26T04:25:11.190+0000] {dag.py:3239} INFO - Sync 1 DAGs
[2026-02-26T04:25:11.232+0000] {logging_mixin.py:190} INFO - [2026-02-26T04:25:11.232+0000] {dag.py:4180} INFO - Setting next_dagrun for weather_etl_daily to 2026-02-26 03:00:00+00:00, run_after=2026-02-26 06:00:00+00:00
[2026-02-26T04:25:11.252+0000] {processor.py:208} INFO - Processing /opt/airflow/dags/weather_etl_dag.py took 0.531 seconds
[2026-02-26T04:25:42.158+0000] {processor.py:186} INFO - Started process (PID=1014) to work on /opt/airflow/dags/weather_etl_dag.py
[2026-02-26T04:25:42.160+0000] {processor.py:914} INFO - Processing file /opt/airflow/dags/weather_etl_dag.py for tasks to queue
[2026-02-26T04:25:42.161+0000] {logging_mixin.py:190} INFO - [2026-02-26T04:25:42.161+0000] {dagbag.py:588} INFO - Filling up the DagBag from /opt/airflow/dags/weather_etl_dag.py
[2026-02-26T04:25:42.543+0000] {processor.py:925} INFO - DAG(s) 'weather_etl_daily' retrieved from /opt/airflow/dags/weather_etl_dag.py
[2026-02-26T04:25:42.585+0000] {logging_mixin.py:190} INFO - [2026-02-26T04:25:42.584+0000] {dag.py:3239} INFO - Sync 1 DAGs
[2026-02-26T04:25:42.616+0000] {logging_mixin.py:190} INFO - [2026-02-26T04:25:42.616+0000] {dag.py:4180} INFO - Setting next_dagrun for weather_etl_daily to 2026-02-26 03:00:00+00:00, run_after=2026-02-26 06:00:00+00:00
[2026-02-26T04:25:42.635+0000] {processor.py:208} INFO - Processing /opt/airflow/dags/weather_etl_dag.py took 0.487 seconds
[2026-02-26T04:26:12.704+0000] {processor.py:186} INFO - Started process (PID=1032) to work on /opt/airflow/dags/weather_etl_dag.py
[2026-02-26T04:26:12.706+0000] {processor.py:914} INFO - Processing file /opt/airflow/dags/weather_etl_dag.py for tasks to queue
[2026-02-26T04:26:12.707+0000] {logging_mixin.py:190} INFO - [2026-02-26T04:26:12.707+0000] {dagbag.py:588} INFO - Filling up the DagBag from /opt/airflow/dags/weather_etl_dag.py
[2026-02-26T04:26:13.162+0000] {processor.py:925} INFO - DAG(s) 'weather_etl_daily' retrieved from /opt/airflow/dags/weather_etl_dag.py
[2026-02-26T04:26:13.205+0000] {logging_mixin.py:190} INFO - [2026-02-26T04:26:13.205+0000] {dag.py:3239} INFO - Sync 1 DAGs
[2026-02-26T04:26:13.235+0000] {logging_mixin.py:190} INFO - [2026-02-26T04:26:13.235+0000] {dag.py:4180} INFO - Setting next_dagrun for weather_etl_daily to 2026-02-26 03:00:00+00:00, run_after=2026-02-26 06:00:00+00:00
[2026-02-26T04:26:13.255+0000] {processor.py:208} INFO - Processing /opt/airflow/dags/weather_etl_dag.py took 0.561 seconds
[2026-02-26T04:26:43.979+0000] {processor.py:186} INFO - Started process (PID=1050) to work on /opt/airflow/dags/weather_etl_dag.py
[2026-02-26T04:26:43.980+0000] {processor.py:914} INFO - Processing file /opt/airflow/dags/weather_etl_dag.py for tasks to queue
[2026-02-26T04:26:43.981+0000] {logging_mixin.py:190} INFO - [2026-02-26T04:26:43.981+0000] {dagbag.py:588} INFO - Filling up the DagBag from /opt/airflow/dags/weather_etl_dag.py
[2026-02-26T04:26:44.415+0000] {processor.py:925} INFO - DAG(s) 'weather_etl_daily' retrieved from /opt/airflow/dags/weather_etl_dag.py
[2026-02-26T04:26:44.455+0000] {logging_mixin.py:190} INFO - [2026-02-26T04:26:44.455+0000] {dag.py:3239} INFO - Sync 1 DAGs
[2026-02-26T04:26:44.488+0000] {logging_mixin.py:190} INFO - [2026-02-26T04:26:44.488+0000] {dag.py:4180} INFO - Setting next_dagrun for weather_etl_daily to 2026-02-26 03:00:00+00:00, run_after=2026-02-26 06:00:00+00:00
[2026-02-26T04:26:44.513+0000] {processor.py:208} INFO - Processing /opt/airflow/dags/weather_etl_dag.py took 0.543 seconds
[2026-02-26T04:27:15.374+0000] {processor.py:186} INFO - Started process (PID=1068) to work on /opt/airflow/dags/weather_etl_dag.py
[2026-02-26T04:27:15.376+0000] {processor.py:914} INFO - Processing file /opt/airflow/dags/weather_etl_dag.py for tasks to queue
[2026-02-26T04:27:15.377+0000] {logging_mixin.py:190} INFO - [2026-02-26T04:27:15.377+0000] {dagbag.py:588} INFO - Filling up the DagBag from /opt/airflow/dags/weather_etl_dag.py
[2026-02-26T04:27:15.809+0000] {processor.py:925} INFO - DAG(s) 'weather_etl_daily' retrieved from /opt/airflow/dags/weather_etl_dag.py
[2026-02-26T04:27:15.849+0000] {logging_mixin.py:190} INFO - [2026-02-26T04:27:15.848+0000] {dag.py:3239} INFO - Sync 1 DAGs
[2026-02-26T04:27:15.879+0000] {logging_mixin.py:190} INFO - [2026-02-26T04:27:15.878+0000] {dag.py:4180} INFO - Setting next_dagrun for weather_etl_daily to 2026-02-26 03:00:00+00:00, run_after=2026-02-26 06:00:00+00:00
[2026-02-26T04:27:15.897+0000] {processor.py:208} INFO - Processing /opt/airflow/dags/weather_etl_dag.py took 0.533 seconds
[2026-02-26T04:27:46.792+0000] {processor.py:186} INFO - Started process (PID=1086) to work on /opt/airflow/dags/weather_etl_dag.py
[2026-02-26T04:27:46.793+0000] {processor.py:914} INFO - Processing file /opt/airflow/dags/weather_etl_dag.py for tasks to queue
[2026-02-26T04:27:46.794+0000] {logging_mixin.py:190} INFO - [2026-02-26T04:27:46.794+0000] {dagbag.py:588} INFO - Filling up the DagBag from /opt/airflow/dags/weather_etl_dag.py
[2026-02-26T04:27:47.228+0000] {processor.py:925} INFO - DAG(s) 'weather_etl_daily' retrieved from /opt/airflow/dags/weather_etl_dag.py
[2026-02-26T04:27:47.273+0000] {logging_mixin.py:190} INFO - [2026-02-26T04:27:47.272+0000] {dag.py:3239} INFO - Sync 1 DAGs
[2026-02-26T04:27:47.303+0000] {logging_mixin.py:190} INFO - [2026-02-26T04:27:47.302+0000] {dag.py:4180} INFO - Setting next_dagrun for weather_etl_daily to 2026-02-26 03:00:00+00:00, run_after=2026-02-26 06:00:00+00:00
[2026-02-26T04:27:47.324+0000] {processor.py:208} INFO - Processing /opt/airflow/dags/weather_etl_dag.py took 0.543 seconds
[2026-02-26T04:28:18.205+0000] {processor.py:186} INFO - Started process (PID=1104) to work on /opt/airflow/dags/weather_etl_dag.py
[2026-02-26T04:28:18.207+0000] {processor.py:914} INFO - Processing file /opt/airflow/dags/weather_etl_dag.py for tasks to queue
[2026-02-26T04:28:18.208+0000] {logging_mixin.py:190} INFO - [2026-02-26T04:28:18.208+0000] {dagbag.py:588} INFO - Filling up the DagBag from /opt/airflow/dags/weather_etl_dag.py
[2026-02-26T04:28:18.657+0000] {processor.py:925} INFO - DAG(s) 'weather_etl_daily' retrieved from /opt/airflow/dags/weather_etl_dag.py
[2026-02-26T04:28:18.699+0000] {logging_mixin.py:190} INFO - [2026-02-26T04:28:18.698+0000] {dag.py:3239} INFO - Sync 1 DAGs
[2026-02-26T04:28:18.739+0000] {logging_mixin.py:190} INFO - [2026-02-26T04:28:18.739+0000] {dag.py:4180} INFO - Setting next_dagrun for weather_etl_daily to 2026-02-26 03:00:00+00:00, run_after=2026-02-26 06:00:00+00:00
[2026-02-26T04:28:18.758+0000] {processor.py:208} INFO - Processing /opt/airflow/dags/weather_etl_dag.py took 0.563 seconds
[2026-02-26T04:28:49.634+0000] {processor.py:186} INFO - Started process (PID=1122) to work on /opt/airflow/dags/weather_etl_dag.py
[2026-02-26T04:28:49.636+0000] {processor.py:914} INFO - Processing file /opt/airflow/dags/weather_etl_dag.py for tasks to queue
[2026-02-26T04:28:49.637+0000] {logging_mixin.py:190} INFO - [2026-02-26T04:28:49.637+0000] {dagbag.py:588} INFO - Filling up the DagBag from /opt/airflow/dags/weather_etl_dag.py
[2026-02-26T04:28:50.024+0000] {processor.py:925} INFO - DAG(s) 'weather_etl_daily' retrieved from /opt/airflow/dags/weather_etl_dag.py
[2026-02-26T04:28:50.064+0000] {logging_mixin.py:190} INFO - [2026-02-26T04:28:50.064+0000] {dag.py:3239} INFO - Sync 1 DAGs
[2026-02-26T04:28:50.095+0000] {logging_mixin.py:190} INFO - [2026-02-26T04:28:50.095+0000] {dag.py:4180} INFO - Setting next_dagrun for weather_etl_daily to 2026-02-26 03:00:00+00:00, run_after=2026-02-26 06:00:00+00:00
[2026-02-26T04:28:50.115+0000] {processor.py:208} INFO - Processing /opt/airflow/dags/weather_etl_dag.py took 0.490 seconds
[2026-02-26T04:29:20.202+0000] {processor.py:186} INFO - Started process (PID=1140) to work on /opt/airflow/dags/weather_etl_dag.py
[2026-02-26T04:29:20.203+0000] {processor.py:914} INFO - Processing file /opt/airflow/dags/weather_etl_dag.py for tasks to queue
[2026-02-26T04:29:20.205+0000] {logging_mixin.py:190} INFO - [2026-02-26T04:29:20.204+0000] {dagbag.py:588} INFO - Filling up the DagBag from /opt/airflow/dags/weather_etl_dag.py
[2026-02-26T04:29:20.591+0000] {processor.py:925} INFO - DAG(s) 'weather_etl_daily' retrieved from /opt/airflow/dags/weather_etl_dag.py
[2026-02-26T04:29:20.635+0000] {logging_mixin.py:190} INFO - [2026-02-26T04:29:20.634+0000] {dag.py:3239} INFO - Sync 1 DAGs
[2026-02-26T04:29:20.664+0000] {logging_mixin.py:190} INFO - [2026-02-26T04:29:20.664+0000] {dag.py:4180} INFO - Setting next_dagrun for weather_etl_daily to 2026-02-26 03:00:00+00:00, run_after=2026-02-26 06:00:00+00:00
[2026-02-26T04:29:20.683+0000] {processor.py:208} INFO - Processing /opt/airflow/dags/weather_etl_dag.py took 0.490 seconds
[2026-02-26T04:29:51.489+0000] {processor.py:186} INFO - Started process (PID=1158) to work on /opt/airflow/dags/weather_etl_dag.py
[2026-02-26T04:29:51.491+0000] {processor.py:914} INFO - Processing file /opt/airflow/dags/weather_etl_dag.py for tasks to queue
[2026-02-26T04:29:51.492+0000] {logging_mixin.py:190} INFO - [2026-02-26T04:29:51.492+0000] {dagbag.py:588} INFO - Filling up the DagBag from /opt/airflow/dags/weather_etl_dag.py
[2026-02-26T04:29:51.936+0000] {processor.py:925} INFO - DAG(s) 'weather_etl_daily' retrieved from /opt/airflow/dags/weather_etl_dag.py
[2026-02-26T04:29:51.977+0000] {logging_mixin.py:190} INFO - [2026-02-26T04:29:51.976+0000] {dag.py:3239} INFO - Sync 1 DAGs
[2026-02-26T04:29:52.006+0000] {logging_mixin.py:190} INFO - [2026-02-26T04:29:52.005+0000] {dag.py:4180} INFO - Setting next_dagrun for weather_etl_daily to 2026-02-26 03:00:00+00:00, run_after=2026-02-26 06:00:00+00:00
[2026-02-26T04:29:52.024+0000] {processor.py:208} INFO - Processing /opt/airflow/dags/weather_etl_dag.py took 0.545 seconds
[2026-02-26T04:30:22.898+0000] {processor.py:186} INFO - Started process (PID=1176) to work on /opt/airflow/dags/weather_etl_dag.py
[2026-02-26T04:30:22.899+0000] {processor.py:914} INFO - Processing file /opt/airflow/dags/weather_etl_dag.py for tasks to queue
[2026-02-26T04:30:22.901+0000] {logging_mixin.py:190} INFO - [2026-02-26T04:30:22.900+0000] {dagbag.py:588} INFO - Filling up the DagBag from /opt/airflow/dags/weather_etl_dag.py
[2026-02-26T04:30:23.369+0000] {processor.py:925} INFO - DAG(s) 'weather_etl_daily' retrieved from /opt/airflow/dags/weather_etl_dag.py
[2026-02-26T04:30:23.418+0000] {logging_mixin.py:190} INFO - [2026-02-26T04:30:23.417+0000] {dag.py:3239} INFO - Sync 1 DAGs
[2026-02-26T04:30:23.454+0000] {logging_mixin.py:190} INFO - [2026-02-26T04:30:23.453+0000] {dag.py:4180} INFO - Setting next_dagrun for weather_etl_daily to 2026-02-26 03:00:00+00:00, run_after=2026-02-26 06:00:00+00:00
[2026-02-26T04:30:23.472+0000] {processor.py:208} INFO - Processing /opt/airflow/dags/weather_etl_dag.py took 0.585 seconds
[2026-02-26T04:30:54.305+0000] {processor.py:186} INFO - Started process (PID=1194) to work on /opt/airflow/dags/weather_etl_dag.py
[2026-02-26T04:30:54.307+0000] {processor.py:914} INFO - Processing file /opt/airflow/dags/weather_etl_dag.py for tasks to queue
[2026-02-26T04:30:54.308+0000] {logging_mixin.py:190} INFO - [2026-02-26T04:30:54.308+0000] {dagbag.py:588} INFO - Filling up the DagBag from /opt/airflow/dags/weather_etl_dag.py
[2026-02-26T04:30:54.733+0000] {processor.py:925} INFO - DAG(s) 'weather_etl_daily' retrieved from /opt/airflow/dags/weather_etl_dag.py
[2026-02-26T04:30:54.776+0000] {logging_mixin.py:190} INFO - [2026-02-26T04:30:54.775+0000] {dag.py:3239} INFO - Sync 1 DAGs
[2026-02-26T04:30:54.806+0000] {logging_mixin.py:190} INFO - [2026-02-26T04:30:54.806+0000] {dag.py:4180} INFO - Setting next_dagrun for weather_etl_daily to 2026-02-26 03:00:00+00:00, run_after=2026-02-26 06:00:00+00:00
[2026-02-26T04:30:54.823+0000] {processor.py:208} INFO - Processing /opt/airflow/dags/weather_etl_dag.py took 0.528 seconds
[2026-02-26T04:31:25.751+0000] {processor.py:186} INFO - Started process (PID=1212) to work on /opt/airflow/dags/weather_etl_dag.py
[2026-02-26T04:31:25.753+0000] {processor.py:914} INFO - Processing file /opt/airflow/dags/weather_etl_dag.py for tasks to queue
[2026-02-26T04:31:25.754+0000] {logging_mixin.py:190} INFO - [2026-02-26T04:31:25.754+0000] {dagbag.py:588} INFO - Filling up the DagBag from /opt/airflow/dags/weather_etl_dag.py
[2026-02-26T04:31:26.198+0000] {processor.py:925} INFO - DAG(s) 'weather_etl_daily' retrieved from /opt/airflow/dags/weather_etl_dag.py
[2026-02-26T04:31:26.240+0000] {logging_mixin.py:190} INFO - [2026-02-26T04:31:26.238+0000] {dag.py:3239} INFO - Sync 1 DAGs
[2026-02-26T04:31:26.269+0000] {logging_mixin.py:190} INFO - [2026-02-26T04:31:26.269+0000] {dag.py:4180} INFO - Setting next_dagrun for weather_etl_daily to 2026-02-26 03:00:00+00:00, run_after=2026-02-26 06:00:00+00:00
[2026-02-26T04:31:26.287+0000] {processor.py:208} INFO - Processing /opt/airflow/dags/weather_etl_dag.py took 0.547 seconds
[2026-02-26T04:31:57.180+0000] {processor.py:186} INFO - Started process (PID=1230) to work on /opt/airflow/dags/weather_etl_dag.py
[2026-02-26T04:31:57.181+0000] {processor.py:914} INFO - Processing file /opt/airflow/dags/weather_etl_dag.py for tasks to queue
[2026-02-26T04:31:57.182+0000] {logging_mixin.py:190} INFO - [2026-02-26T04:31:57.182+0000] {dagbag.py:588} INFO - Filling up the DagBag from /opt/airflow/dags/weather_etl_dag.py
[2026-02-26T04:31:57.632+0000] {processor.py:925} INFO - DAG(s) 'weather_etl_daily' retrieved from /opt/airflow/dags/weather_etl_dag.py
[2026-02-26T04:31:57.686+0000] {logging_mixin.py:190} INFO - [2026-02-26T04:31:57.685+0000] {dag.py:3239} INFO - Sync 1 DAGs
[2026-02-26T04:31:57.718+0000] {logging_mixin.py:190} INFO - [2026-02-26T04:31:57.717+0000] {dag.py:4180} INFO - Setting next_dagrun for weather_etl_daily to 2026-02-26 03:00:00+00:00, run_after=2026-02-26 06:00:00+00:00
[2026-02-26T04:31:57.736+0000] {processor.py:208} INFO - Processing /opt/airflow/dags/weather_etl_dag.py took 0.565 seconds
[2026-02-26T04:32:28.589+0000] {processor.py:186} INFO - Started process (PID=1248) to work on /opt/airflow/dags/weather_etl_dag.py
[2026-02-26T04:32:28.590+0000] {processor.py:914} INFO - Processing file /opt/airflow/dags/weather_etl_dag.py for tasks to queue
[2026-02-26T04:32:28.591+0000] {logging_mixin.py:190} INFO - [2026-02-26T04:32:28.591+0000] {dagbag.py:588} INFO - Filling up the DagBag from /opt/airflow/dags/weather_etl_dag.py
[2026-02-26T04:32:29.057+0000] {processor.py:925} INFO - DAG(s) 'weather_etl_daily' retrieved from /opt/airflow/dags/weather_etl_dag.py
[2026-02-26T04:32:29.114+0000] {logging_mixin.py:190} INFO - [2026-02-26T04:32:29.114+0000] {dag.py:3239} INFO - Sync 1 DAGs
[2026-02-26T04:32:29.143+0000] {logging_mixin.py:190} INFO - [2026-02-26T04:32:29.142+0000] {dag.py:4180} INFO - Setting next_dagrun for weather_etl_daily to 2026-02-26 03:00:00+00:00, run_after=2026-02-26 06:00:00+00:00
[2026-02-26T04:32:29.170+0000] {processor.py:208} INFO - Processing /opt/airflow/dags/weather_etl_dag.py took 0.591 seconds
[2026-02-26T04:33:00.010+0000] {processor.py:186} INFO - Started process (PID=1266) to work on /opt/airflow/dags/weather_etl_dag.py
[2026-02-26T04:33:00.011+0000] {processor.py:914} INFO - Processing file /opt/airflow/dags/weather_etl_dag.py for tasks to queue
[2026-02-26T04:33:00.013+0000] {logging_mixin.py:190} INFO - [2026-02-26T04:33:00.012+0000] {dagbag.py:588} INFO - Filling up the DagBag from /opt/airflow/dags/weather_etl_dag.py
[2026-02-26T04:33:00.460+0000] {processor.py:925} INFO - DAG(s) 'weather_etl_daily' retrieved from /opt/airflow/dags/weather_etl_dag.py
[2026-02-26T04:33:00.505+0000] {logging_mixin.py:190} INFO - [2026-02-26T04:33:00.504+0000] {dag.py:3239} INFO - Sync 1 DAGs
[2026-02-26T04:33:00.538+0000] {logging_mixin.py:190} INFO - [2026-02-26T04:33:00.537+0000] {dag.py:4180} INFO - Setting next_dagrun for weather_etl_daily to 2026-02-26 03:00:00+00:00, run_after=2026-02-26 06:00:00+00:00
[2026-02-26T04:33:00.557+0000] {processor.py:208} INFO - Processing /opt/airflow/dags/weather_etl_dag.py took 0.558 seconds
[2026-02-26T04:33:31.366+0000] {processor.py:186} INFO - Started process (PID=1284) to work on /opt/airflow/dags/weather_etl_dag.py
[2026-02-26T04:33:31.367+0000] {processor.py:914} INFO - Processing file /opt/airflow/dags/weather_etl_dag.py for tasks to queue
[2026-02-26T04:33:31.369+0000] {logging_mixin.py:190} INFO - [2026-02-26T04:33:31.369+0000] {dagbag.py:588} INFO - Filling up the DagBag from /opt/airflow/dags/weather_etl_dag.py
[2026-02-26T04:33:31.771+0000] {processor.py:925} INFO - DAG(s) 'weather_etl_daily' retrieved from /opt/airflow/dags/weather_etl_dag.py
[2026-02-26T04:33:31.814+0000] {logging_mixin.py:190} INFO - [2026-02-26T04:33:31.814+0000] {dag.py:3239} INFO - Sync 1 DAGs
[2026-02-26T04:33:31.846+0000] {logging_mixin.py:190} INFO - [2026-02-26T04:33:31.845+0000] {dag.py:4180} INFO - Setting next_dagrun for weather_etl_daily to 2026-02-26 03:00:00+00:00, run_after=2026-02-26 06:00:00+00:00
[2026-02-26T04:33:31.864+0000] {processor.py:208} INFO - Processing /opt/airflow/dags/weather_etl_dag.py took 0.509 seconds
[2026-02-26T04:34:01.924+0000] {processor.py:186} INFO - Started process (PID=1302) to work on /opt/airflow/dags/weather_etl_dag.py
[2026-02-26T04:34:01.926+0000] {processor.py:914} INFO - Processing file /opt/airflow/dags/weather_etl_dag.py for tasks to queue
[2026-02-26T04:34:01.927+0000] {logging_mixin.py:190} INFO - [2026-02-26T04:34:01.927+0000] {dagbag.py:588} INFO - Filling up the DagBag from /opt/airflow/dags/weather_etl_dag.py
[2026-02-26T04:34:02.335+0000] {processor.py:925} INFO - DAG(s) 'weather_etl_daily' retrieved from /opt/airflow/dags/weather_etl_dag.py
[2026-02-26T04:34:02.392+0000] {logging_mixin.py:190} INFO - [2026-02-26T04:34:02.390+0000] {dag.py:3239} INFO - Sync 1 DAGs
[2026-02-26T04:34:02.426+0000] {logging_mixin.py:190} INFO - [2026-02-26T04:34:02.426+0000] {dag.py:4180} INFO - Setting next_dagrun for weather_etl_daily to 2026-02-26 03:00:00+00:00, run_after=2026-02-26 06:00:00+00:00
[2026-02-26T04:34:02.447+0000] {processor.py:208} INFO - Processing /opt/airflow/dags/weather_etl_dag.py took 0.534 seconds
[2026-02-26T04:34:33.185+0000] {processor.py:186} INFO - Started process (PID=1320) to work on /opt/airflow/dags/weather_etl_dag.py
[2026-02-26T04:34:33.187+0000] {processor.py:914} INFO - Processing file /opt/airflow/dags/weather_etl_dag.py for tasks to queue
[2026-02-26T04:34:33.188+0000] {logging_mixin.py:190} INFO - [2026-02-26T04:34:33.188+0000] {dagbag.py:588} INFO - Filling up the DagBag from /opt/airflow/dags/weather_etl_dag.py
[2026-02-26T04:34:33.639+0000] {processor.py:925} INFO - DAG(s) 'weather_etl_daily' retrieved from /opt/airflow/dags/weather_etl_dag.py
[2026-02-26T04:34:33.684+0000] {logging_mixin.py:190} INFO - [2026-02-26T04:34:33.683+0000] {dag.py:3239} INFO - Sync 1 DAGs
[2026-02-26T04:34:33.715+0000] {logging_mixin.py:190} INFO - [2026-02-26T04:34:33.715+0000] {dag.py:4180} INFO - Setting next_dagrun for weather_etl_daily to 2026-02-26 03:00:00+00:00, run_after=2026-02-26 06:00:00+00:00
[2026-02-26T04:34:33.734+0000] {processor.py:208} INFO - Processing /opt/airflow/dags/weather_etl_dag.py took 0.558 seconds
[2026-02-26T04:35:04.617+0000] {processor.py:186} INFO - Started process (PID=1338) to work on /opt/airflow/dags/weather_etl_dag.py
[2026-02-26T04:35:04.618+0000] {processor.py:914} INFO - Processing file /opt/airflow/dags/weather_etl_dag.py for tasks to queue
[2026-02-26T04:35:04.620+0000] {logging_mixin.py:190} INFO - [2026-02-26T04:35:04.620+0000] {dagbag.py:588} INFO - Filling up the DagBag from /opt/airflow/dags/weather_etl_dag.py
[2026-02-26T04:35:05.028+0000] {processor.py:925} INFO - DAG(s) 'weather_etl_daily' retrieved from /opt/airflow/dags/weather_etl_dag.py
[2026-02-26T04:35:05.073+0000] {logging_mixin.py:190} INFO - [2026-02-26T04:35:05.072+0000] {dag.py:3239} INFO - Sync 1 DAGs
[2026-02-26T04:35:05.106+0000] {logging_mixin.py:190} INFO - [2026-02-26T04:35:05.105+0000] {dag.py:4180} INFO - Setting next_dagrun for weather_etl_daily to 2026-02-26 03:00:00+00:00, run_after=2026-02-26 06:00:00+00:00
[2026-02-26T04:35:05.127+0000] {processor.py:208} INFO - Processing /opt/airflow/dags/weather_etl_dag.py took 0.521 seconds
[2026-02-26T04:35:36.067+0000] {processor.py:186} INFO - Started process (PID=1356) to work on /opt/airflow/dags/weather_etl_dag.py
[2026-02-26T04:35:36.069+0000] {processor.py:914} INFO - Processing file /opt/airflow/dags/weather_etl_dag.py for tasks to queue
[2026-02-26T04:35:36.070+0000] {logging_mixin.py:190} INFO - [2026-02-26T04:35:36.070+0000] {dagbag.py:588} INFO - Filling up the DagBag from /opt/airflow/dags/weather_etl_dag.py
[2026-02-26T04:35:36.519+0000] {processor.py:925} INFO - DAG(s) 'weather_etl_daily' retrieved from /opt/airflow/dags/weather_etl_dag.py
[2026-02-26T04:35:36.570+0000] {logging_mixin.py:190} INFO - [2026-02-26T04:35:36.570+0000] {dag.py:3239} INFO - Sync 1 DAGs
[2026-02-26T04:35:36.614+0000] {logging_mixin.py:190} INFO - [2026-02-26T04:35:36.614+0000] {dag.py:4180} INFO - Setting next_dagrun for weather_etl_daily to 2026-02-26 03:00:00+00:00, run_after=2026-02-26 06:00:00+00:00
[2026-02-26T04:35:36.637+0000] {processor.py:208} INFO - Processing /opt/airflow/dags/weather_etl_dag.py took 0.580 seconds
[2026-02-26T04:36:07.441+0000] {processor.py:186} INFO - Started process (PID=1374) to work on /opt/airflow/dags/weather_etl_dag.py
[2026-02-26T04:36:07.443+0000] {processor.py:914} INFO - Processing file /opt/airflow/dags/weather_etl_dag.py for tasks to queue
[2026-02-26T04:36:07.444+0000] {logging_mixin.py:190} INFO - [2026-02-26T04:36:07.444+0000] {dagbag.py:588} INFO - Filling up the DagBag from /opt/airflow/dags/weather_etl_dag.py
[2026-02-26T04:36:07.917+0000] {processor.py:925} INFO - DAG(s) 'weather_etl_daily' retrieved from /opt/airflow/dags/weather_etl_dag.py
[2026-02-26T04:36:07.960+0000] {logging_mixin.py:190} INFO - [2026-02-26T04:36:07.960+0000] {dag.py:3239} INFO - Sync 1 DAGs
[2026-02-26T04:36:07.999+0000] {logging_mixin.py:190} INFO - [2026-02-26T04:36:07.999+0000] {dag.py:4180} INFO - Setting next_dagrun for weather_etl_daily to 2026-02-26 03:00:00+00:00, run_after=2026-02-26 06:00:00+00:00
[2026-02-26T04:36:08.031+0000] {processor.py:208} INFO - Processing /opt/airflow/dags/weather_etl_dag.py took 0.600 seconds
[2026-02-26T04:36:38.861+0000] {processor.py:186} INFO - Started process (PID=1392) to work on /opt/airflow/dags/weather_etl_dag.py
[2026-02-26T04:36:38.862+0000] {processor.py:914} INFO - Processing file /opt/airflow/dags/weather_etl_dag.py for tasks to queue
[2026-02-26T04:36:38.864+0000] {logging_mixin.py:190} INFO - [2026-02-26T04:36:38.863+0000] {dagbag.py:588} INFO - Filling up the DagBag from /opt/airflow/dags/weather_etl_dag.py
[2026-02-26T04:36:39.311+0000] {processor.py:925} INFO - DAG(s) 'weather_etl_daily' retrieved from /opt/airflow/dags/weather_etl_dag.py
[2026-02-26T04:36:39.355+0000] {logging_mixin.py:190} INFO - [2026-02-26T04:36:39.355+0000] {dag.py:3239} INFO - Sync 1 DAGs
[2026-02-26T04:36:39.386+0000] {logging_mixin.py:190} INFO - [2026-02-26T04:36:39.386+0000] {dag.py:4180} INFO - Setting next_dagrun for weather_etl_daily to 2026-02-26 03:00:00+00:00, run_after=2026-02-26 06:00:00+00:00
[2026-02-26T04:36:39.406+0000] {processor.py:208} INFO - Processing /opt/airflow/dags/weather_etl_dag.py took 0.556 seconds
[2026-02-26T04:37:10.280+0000] {processor.py:186} INFO - Started process (PID=1410) to work on /opt/airflow/dags/weather_etl_dag.py
[2026-02-26T04:37:10.282+0000] {processor.py:914} INFO - Processing file /opt/airflow/dags/weather_etl_dag.py for tasks to queue
[2026-02-26T04:37:10.283+0000] {logging_mixin.py:190} INFO - [2026-02-26T04:37:10.283+0000] {dagbag.py:588} INFO - Filling up the DagBag from /opt/airflow/dags/weather_etl_dag.py
[2026-02-26T04:37:10.719+0000] {processor.py:925} INFO - DAG(s) 'weather_etl_daily' retrieved from /opt/airflow/dags/weather_etl_dag.py
[2026-02-26T04:37:10.762+0000] {logging_mixin.py:190} INFO - [2026-02-26T04:37:10.762+0000] {dag.py:3239} INFO - Sync 1 DAGs
[2026-02-26T04:37:10.792+0000] {logging_mixin.py:190} INFO - [2026-02-26T04:37:10.792+0000] {dag.py:4180} INFO - Setting next_dagrun for weather_etl_daily to 2026-02-26 03:00:00+00:00, run_after=2026-02-26 06:00:00+00:00
[2026-02-26T04:37:10.811+0000] {processor.py:208} INFO - Processing /opt/airflow/dags/weather_etl_dag.py took 0.543 seconds
[2026-02-26T04:37:41.679+0000] {processor.py:186} INFO - Started process (PID=1428) to work on /opt/airflow/dags/weather_etl_dag.py
[2026-02-26T04:37:41.680+0000] {processor.py:914} INFO - Processing file /opt/airflow/dags/weather_etl_dag.py for tasks to queue
[2026-02-26T04:37:41.682+0000] {logging_mixin.py:190} INFO - [2026-02-26T04:37:41.681+0000] {dagbag.py:588} INFO - Filling up the DagBag from /opt/airflow/dags/weather_etl_dag.py
[2026-02-26T04:37:42.127+0000] {processor.py:925} INFO - DAG(s) 'weather_etl_daily' retrieved from /opt/airflow/dags/weather_etl_dag.py
[2026-02-26T04:37:42.172+0000] {logging_mixin.py:190} INFO - [2026-02-26T04:37:42.172+0000] {dag.py:3239} INFO - Sync 1 DAGs
[2026-02-26T04:37:42.202+0000] {logging_mixin.py:190} INFO - [2026-02-26T04:37:42.202+0000] {dag.py:4180} INFO - Setting next_dagrun for weather_etl_daily to 2026-02-26 03:00:00+00:00, run_after=2026-02-26 06:00:00+00:00
[2026-02-26T04:37:42.222+0000] {processor.py:208} INFO - Processing /opt/airflow/dags/weather_etl_dag.py took 0.551 seconds
[2026-02-26T04:38:13.094+0000] {processor.py:186} INFO - Started process (PID=1446) to work on /opt/airflow/dags/weather_etl_dag.py
[2026-02-26T04:38:13.096+0000] {processor.py:914} INFO - Processing file /opt/airflow/dags/weather_etl_dag.py for tasks to queue
[2026-02-26T04:38:13.097+0000] {logging_mixin.py:190} INFO - [2026-02-26T04:38:13.097+0000] {dagbag.py:588} INFO - Filling up the DagBag from /opt/airflow/dags/weather_etl_dag.py
[2026-02-26T04:38:13.544+0000] {processor.py:925} INFO - DAG(s) 'weather_etl_daily' retrieved from /opt/airflow/dags/weather_etl_dag.py
[2026-02-26T04:38:13.585+0000] {logging_mixin.py:190} INFO - [2026-02-26T04:38:13.585+0000] {dag.py:3239} INFO - Sync 1 DAGs
[2026-02-26T04:38:13.615+0000] {logging_mixin.py:190} INFO - [2026-02-26T04:38:13.615+0000] {dag.py:4180} INFO - Setting next_dagrun for weather_etl_daily to 2026-02-26 03:00:00+00:00, run_after=2026-02-26 06:00:00+00:00
[2026-02-26T04:38:13.632+0000] {processor.py:208} INFO - Processing /opt/airflow/dags/weather_etl_dag.py took 0.548 seconds
[2026-02-26T04:38:44.519+0000] {processor.py:186} INFO - Started process (PID=1464) to work on /opt/airflow/dags/weather_etl_dag.py
[2026-02-26T04:38:44.520+0000] {processor.py:914} INFO - Processing file /opt/airflow/dags/weather_etl_dag.py for tasks to queue
[2026-02-26T04:38:44.522+0000] {logging_mixin.py:190} INFO - [2026-02-26T04:38:44.521+0000] {dagbag.py:588} INFO - Filling up the DagBag from /opt/airflow/dags/weather_etl_dag.py
[2026-02-26T04:38:44.998+0000] {processor.py:925} INFO - DAG(s) 'weather_etl_daily' retrieved from /opt/airflow/dags/weather_etl_dag.py
[2026-02-26T04:38:45.041+0000] {logging_mixin.py:190} INFO - [2026-02-26T04:38:45.040+0000] {dag.py:3239} INFO - Sync 1 DAGs
[2026-02-26T04:38:45.072+0000] {logging_mixin.py:190} INFO - [2026-02-26T04:38:45.072+0000] {dag.py:4180} INFO - Setting next_dagrun for weather_etl_daily to 2026-02-26 03:00:00+00:00, run_after=2026-02-26 06:00:00+00:00
[2026-02-26T04:38:45.091+0000] {processor.py:208} INFO - Processing /opt/airflow/dags/weather_etl_dag.py took 0.581 seconds
[2026-02-26T04:39:15.953+0000] {processor.py:186} INFO - Started process (PID=1482) to work on /opt/airflow/dags/weather_etl_dag.py
[2026-02-26T04:39:15.954+0000] {processor.py:914} INFO - Processing file /opt/airflow/dags/weather_etl_dag.py for tasks to queue
[2026-02-26T04:39:15.955+0000] {logging_mixin.py:190} INFO - [2026-02-26T04:39:15.955+0000] {dagbag.py:588} INFO - Filling up the DagBag from /opt/airflow/dags/weather_etl_dag.py
[2026-02-26T04:39:16.402+0000] {processor.py:925} INFO - DAG(s) 'weather_etl_daily' retrieved from /opt/airflow/dags/weather_etl_dag.py
[2026-02-26T04:39:16.444+0000] {logging_mixin.py:190} INFO - [2026-02-26T04:39:16.444+0000] {dag.py:3239} INFO - Sync 1 DAGs
[2026-02-26T04:39:16.473+0000] {logging_mixin.py:190} INFO - [2026-02-26T04:39:16.472+0000] {dag.py:4180} INFO - Setting next_dagrun for weather_etl_daily to 2026-02-26 03:00:00+00:00, run_after=2026-02-26 06:00:00+00:00
[2026-02-26T04:39:16.490+0000] {processor.py:208} INFO - Processing /opt/airflow/dags/weather_etl_dag.py took 0.547 seconds
[2026-02-26T04:39:47.370+0000] {processor.py:186} INFO - Started process (PID=1500) to work on /opt/airflow/dags/weather_etl_dag.py
[2026-02-26T04:39:47.371+0000] {processor.py:914} INFO - Processing file /opt/airflow/dags/weather_etl_dag.py for tasks to queue
[2026-02-26T04:39:47.373+0000] {logging_mixin.py:190} INFO - [2026-02-26T04:39:47.372+0000] {dagbag.py:588} INFO - Filling up the DagBag from /opt/airflow/dags/weather_etl_dag.py
[2026-02-26T04:39:47.802+0000] {processor.py:925} INFO - DAG(s) 'weather_etl_daily' retrieved from /opt/airflow/dags/weather_etl_dag.py
[2026-02-26T04:39:47.843+0000] {logging_mixin.py:190} INFO - [2026-02-26T04:39:47.842+0000] {dag.py:3239} INFO - Sync 1 DAGs
[2026-02-26T04:39:47.872+0000] {logging_mixin.py:190} INFO - [2026-02-26T04:39:47.871+0000] {dag.py:4180} INFO - Setting next_dagrun for weather_etl_daily to 2026-02-26 03:00:00+00:00, run_after=2026-02-26 06:00:00+00:00
[2026-02-26T04:39:47.890+0000] {processor.py:208} INFO - Processing /opt/airflow/dags/weather_etl_dag.py took 0.528 seconds
[2026-02-26T04:40:18.771+0000] {processor.py:186} INFO - Started process (PID=1520) to work on /opt/airflow/dags/weather_etl_dag.py
[2026-02-26T04:40:18.772+0000] {processor.py:914} INFO - Processing file /opt/airflow/dags/weather_etl_dag.py for tasks to queue
[2026-02-26T04:40:18.773+0000] {logging_mixin.py:190} INFO - [2026-02-26T04:40:18.773+0000] {dagbag.py:588} INFO - Filling up the DagBag from /opt/airflow/dags/weather_etl_dag.py
[2026-02-26T04:40:19.166+0000] {processor.py:925} INFO - DAG(s) 'weather_etl_daily' retrieved from /opt/airflow/dags/weather_etl_dag.py
[2026-02-26T04:40:19.207+0000] {logging_mixin.py:190} INFO - [2026-02-26T04:40:19.206+0000] {dag.py:3239} INFO - Sync 1 DAGs
[2026-02-26T04:40:19.236+0000] {logging_mixin.py:190} INFO - [2026-02-26T04:40:19.236+0000] {dag.py:4180} INFO - Setting next_dagrun for weather_etl_daily to 2026-02-26 03:00:00+00:00, run_after=2026-02-26 06:00:00+00:00
[2026-02-26T04:40:19.257+0000] {processor.py:208} INFO - Processing /opt/airflow/dags/weather_etl_dag.py took 0.500 seconds
[2026-02-26T04:40:49.344+0000] {processor.py:186} INFO - Started process (PID=1541) to work on /opt/airflow/dags/weather_etl_dag.py
[2026-02-26T04:40:49.346+0000] {processor.py:914} INFO - Processing file /opt/airflow/dags/weather_etl_dag.py for tasks to queue
[2026-02-26T04:40:49.350+0000] {logging_mixin.py:190} INFO - [2026-02-26T04:40:49.349+0000] {dagbag.py:588} INFO - Filling up the DagBag from /opt/airflow/dags/weather_etl_dag.py
[2026-02-26T04:40:49.801+0000] {processor.py:925} INFO - DAG(s) 'weather_etl_daily' retrieved from /opt/airflow/dags/weather_etl_dag.py
[2026-02-26T04:40:49.845+0000] {logging_mixin.py:190} INFO - [2026-02-26T04:40:49.844+0000] {dag.py:3239} INFO - Sync 1 DAGs
[2026-02-26T04:40:49.876+0000] {logging_mixin.py:190} INFO - [2026-02-26T04:40:49.876+0000] {dag.py:4180} INFO - Setting next_dagrun for weather_etl_daily to 2026-02-26 03:00:00+00:00, run_after=2026-02-26 06:00:00+00:00
[2026-02-26T04:40:49.896+0000] {processor.py:208} INFO - Processing /opt/airflow/dags/weather_etl_dag.py took 0.561 seconds
[2026-02-26T04:41:20.627+0000] {processor.py:186} INFO - Started process (PID=1559) to work on /opt/airflow/dags/weather_etl_dag.py
[2026-02-26T04:41:20.629+0000] {processor.py:914} INFO - Processing file /opt/airflow/dags/weather_etl_dag.py for tasks to queue
[2026-02-26T04:41:20.630+0000] {logging_mixin.py:190} INFO - [2026-02-26T04:41:20.630+0000] {dagbag.py:588} INFO - Filling up the DagBag from /opt/airflow/dags/weather_etl_dag.py
[2026-02-26T04:41:21.114+0000] {processor.py:925} INFO - DAG(s) 'weather_etl_daily' retrieved from /opt/airflow/dags/weather_etl_dag.py
[2026-02-26T04:41:21.154+0000] {logging_mixin.py:190} INFO - [2026-02-26T04:41:21.154+0000] {dag.py:3239} INFO - Sync 1 DAGs
[2026-02-26T04:41:21.183+0000] {logging_mixin.py:190} INFO - [2026-02-26T04:41:21.182+0000] {dag.py:4180} INFO - Setting next_dagrun for weather_etl_daily to 2026-02-26 03:00:00+00:00, run_after=2026-02-26 06:00:00+00:00
[2026-02-26T04:41:21.202+0000] {processor.py:208} INFO - Processing /opt/airflow/dags/weather_etl_dag.py took 0.586 seconds
[2026-02-26T04:41:52.055+0000] {processor.py:186} INFO - Started process (PID=1577) to work on /opt/airflow/dags/weather_etl_dag.py
[2026-02-26T04:41:52.056+0000] {processor.py:914} INFO - Processing file /opt/airflow/dags/weather_etl_dag.py for tasks to queue
[2026-02-26T04:41:52.057+0000] {logging_mixin.py:190} INFO - [2026-02-26T04:41:52.057+0000] {dagbag.py:588} INFO - Filling up the DagBag from /opt/airflow/dags/weather_etl_dag.py
[2026-02-26T04:41:52.451+0000] {processor.py:925} INFO - DAG(s) 'weather_etl_daily' retrieved from /opt/airflow/dags/weather_etl_dag.py
[2026-02-26T04:41:52.505+0000] {logging_mixin.py:190} INFO - [2026-02-26T04:41:52.505+0000] {dag.py:3239} INFO - Sync 1 DAGs
[2026-02-26T04:41:52.529+0000] {logging_mixin.py:190} INFO - [2026-02-26T04:41:52.529+0000] {dag.py:4180} INFO - Setting next_dagrun for weather_etl_daily to 2026-02-26 03:00:00+00:00, run_after=2026-02-26 06:00:00+00:00
[2026-02-26T04:41:52.545+0000] {processor.py:208} INFO - Processing /opt/airflow/dags/weather_etl_dag.py took 0.501 seconds
[2026-02-26T04:42:23.434+0000] {processor.py:186} INFO - Started process (PID=1595) to work on /opt/airflow/dags/weather_etl_dag.py
[2026-02-26T04:42:23.436+0000] {processor.py:914} INFO - Processing file /opt/airflow/dags/weather_etl_dag.py for tasks to queue
[2026-02-26T04:42:23.437+0000] {logging_mixin.py:190} INFO - [2026-02-26T04:42:23.437+0000] {dagbag.py:588} INFO - Filling up the DagBag from /opt/airflow/dags/weather_etl_dag.py
[2026-02-26T04:42:23.907+0000] {processor.py:925} INFO - DAG(s) 'weather_etl_daily' retrieved from /opt/airflow/dags/weather_etl_dag.py
[2026-02-26T04:42:23.950+0000] {logging_mixin.py:190} INFO - [2026-02-26T04:42:23.949+0000] {dag.py:3239} INFO - Sync 1 DAGs
[2026-02-26T04:42:23.981+0000] {logging_mixin.py:190} INFO - [2026-02-26T04:42:23.980+0000] {dag.py:4180} INFO - Setting next_dagrun for weather_etl_daily to 2026-02-26 03:00:00+00:00, run_after=2026-02-26 06:00:00+00:00
[2026-02-26T04:42:24.008+0000] {processor.py:208} INFO - Processing /opt/airflow/dags/weather_etl_dag.py took 0.584 seconds
[2026-02-26T04:42:54.849+0000] {processor.py:186} INFO - Started process (PID=1613) to work on /opt/airflow/dags/weather_etl_dag.py
[2026-02-26T04:42:54.851+0000] {processor.py:914} INFO - Processing file /opt/airflow/dags/weather_etl_dag.py for tasks to queue
[2026-02-26T04:42:54.852+0000] {logging_mixin.py:190} INFO - [2026-02-26T04:42:54.852+0000] {dagbag.py:588} INFO - Filling up the DagBag from /opt/airflow/dags/weather_etl_dag.py
[2026-02-26T04:42:55.315+0000] {processor.py:925} INFO - DAG(s) 'weather_etl_daily' retrieved from /opt/airflow/dags/weather_etl_dag.py
[2026-02-26T04:42:55.357+0000] {logging_mixin.py:190} INFO - [2026-02-26T04:42:55.356+0000] {dag.py:3239} INFO - Sync 1 DAGs
[2026-02-26T04:42:55.382+0000] {logging_mixin.py:190} INFO - [2026-02-26T04:42:55.382+0000] {dag.py:4180} INFO - Setting next_dagrun for weather_etl_daily to 2026-02-26 03:00:00+00:00, run_after=2026-02-26 06:00:00+00:00
[2026-02-26T04:42:55.397+0000] {processor.py:208} INFO - Processing /opt/airflow/dags/weather_etl_dag.py took 0.558 seconds
[2026-02-26T04:43:26.290+0000] {processor.py:186} INFO - Started process (PID=1631) to work on /opt/airflow/dags/weather_etl_dag.py
[2026-02-26T04:43:26.292+0000] {processor.py:914} INFO - Processing file /opt/airflow/dags/weather_etl_dag.py for tasks to queue
[2026-02-26T04:43:26.293+0000] {logging_mixin.py:190} INFO - [2026-02-26T04:43:26.293+0000] {dagbag.py:588} INFO - Filling up the DagBag from /opt/airflow/dags/weather_etl_dag.py
[2026-02-26T04:43:26.675+0000] {processor.py:925} INFO - DAG(s) 'weather_etl_daily' retrieved from /opt/airflow/dags/weather_etl_dag.py
[2026-02-26T04:43:26.718+0000] {logging_mixin.py:190} INFO - [2026-02-26T04:43:26.717+0000] {dag.py:3239} INFO - Sync 1 DAGs
[2026-02-26T04:43:26.748+0000] {logging_mixin.py:190} INFO - [2026-02-26T04:43:26.748+0000] {dag.py:4180} INFO - Setting next_dagrun for weather_etl_daily to 2026-02-26 03:00:00+00:00, run_after=2026-02-26 06:00:00+00:00
[2026-02-26T04:43:26.768+0000] {processor.py:208} INFO - Processing /opt/airflow/dags/weather_etl_dag.py took 0.487 seconds
[2026-02-26T04:43:56.866+0000] {processor.py:186} INFO - Started process (PID=1649) to work on /opt/airflow/dags/weather_etl_dag.py
[2026-02-26T04:43:56.868+0000] {processor.py:914} INFO - Processing file /opt/airflow/dags/weather_etl_dag.py for tasks to queue
[2026-02-26T04:43:56.869+0000] {logging_mixin.py:190} INFO - [2026-02-26T04:43:56.869+0000] {dagbag.py:588} INFO - Filling up the DagBag from /opt/airflow/dags/weather_etl_dag.py
[2026-02-26T04:43:57.303+0000] {processor.py:925} INFO - DAG(s) 'weather_etl_daily' retrieved from /opt/airflow/dags/weather_etl_dag.py
[2026-02-26T04:43:57.349+0000] {logging_mixin.py:190} INFO - [2026-02-26T04:43:57.348+0000] {dag.py:3239} INFO - Sync 1 DAGs
[2026-02-26T04:43:57.374+0000] {logging_mixin.py:190} INFO - [2026-02-26T04:43:57.374+0000] {dag.py:4180} INFO - Setting next_dagrun for weather_etl_daily to 2026-02-26 03:00:00+00:00, run_after=2026-02-26 06:00:00+00:00
[2026-02-26T04:43:57.390+0000] {processor.py:208} INFO - Processing /opt/airflow/dags/weather_etl_dag.py took 0.532 seconds
[2026-02-26T04:44:28.158+0000] {processor.py:186} INFO - Started process (PID=1667) to work on /opt/airflow/dags/weather_etl_dag.py
[2026-02-26T04:44:28.160+0000] {processor.py:914} INFO - Processing file /opt/airflow/dags/weather_etl_dag.py for tasks to queue
[2026-02-26T04:44:28.161+0000] {logging_mixin.py:190} INFO - [2026-02-26T04:44:28.161+0000] {dagbag.py:588} INFO - Filling up the DagBag from /opt/airflow/dags/weather_etl_dag.py
[2026-02-26T04:44:28.635+0000] {processor.py:925} INFO - DAG(s) 'weather_etl_daily' retrieved from /opt/airflow/dags/weather_etl_dag.py
[2026-02-26T04:44:28.678+0000] {logging_mixin.py:190} INFO - [2026-02-26T04:44:28.677+0000] {dag.py:3239} INFO - Sync 1 DAGs
[2026-02-26T04:44:28.723+0000] {logging_mixin.py:190} INFO - [2026-02-26T04:44:28.723+0000] {dag.py:4180} INFO - Setting next_dagrun for weather_etl_daily to 2026-02-26 03:00:00+00:00, run_after=2026-02-26 06:00:00+00:00
[2026-02-26T04:44:28.738+0000] {processor.py:208} INFO - Processing /opt/airflow/dags/weather_etl_dag.py took 0.590 seconds
[2026-02-26T04:44:59.563+0000] {processor.py:186} INFO - Started process (PID=1685) to work on /opt/airflow/dags/weather_etl_dag.py
[2026-02-26T04:44:59.565+0000] {processor.py:914} INFO - Processing file /opt/airflow/dags/weather_etl_dag.py for tasks to queue
[2026-02-26T04:44:59.566+0000] {logging_mixin.py:190} INFO - [2026-02-26T04:44:59.565+0000] {dagbag.py:588} INFO - Filling up the DagBag from /opt/airflow/dags/weather_etl_dag.py
[2026-02-26T04:44:59.967+0000] {processor.py:925} INFO - DAG(s) 'weather_etl_daily' retrieved from /opt/airflow/dags/weather_etl_dag.py
[2026-02-26T04:45:00.007+0000] {logging_mixin.py:190} INFO - [2026-02-26T04:45:00.006+0000] {dag.py:3239} INFO - Sync 1 DAGs
[2026-02-26T04:45:00.037+0000] {logging_mixin.py:190} INFO - [2026-02-26T04:45:00.036+0000] {dag.py:4180} INFO - Setting next_dagrun for weather_etl_daily to 2026-02-26 03:00:00+00:00, run_after=2026-02-26 06:00:00+00:00
[2026-02-26T04:45:00.057+0000] {processor.py:208} INFO - Processing /opt/airflow/dags/weather_etl_dag.py took 0.503 seconds
[2026-02-26T04:45:30.962+0000] {processor.py:186} INFO - Started process (PID=1703) to work on /opt/airflow/dags/weather_etl_dag.py
[2026-02-26T04:45:30.963+0000] {processor.py:914} INFO - Processing file /opt/airflow/dags/weather_etl_dag.py for tasks to queue
[2026-02-26T04:45:30.965+0000] {logging_mixin.py:190} INFO - [2026-02-26T04:45:30.964+0000] {dagbag.py:588} INFO - Filling up the DagBag from /opt/airflow/dags/weather_etl_dag.py
[2026-02-26T04:45:31.418+0000] {processor.py:925} INFO - DAG(s) 'weather_etl_daily' retrieved from /opt/airflow/dags/weather_etl_dag.py
[2026-02-26T04:45:31.464+0000] {logging_mixin.py:190} INFO - [2026-02-26T04:45:31.464+0000] {dag.py:3239} INFO - Sync 1 DAGs
[2026-02-26T04:45:31.496+0000] {logging_mixin.py:190} INFO - [2026-02-26T04:45:31.496+0000] {dag.py:4180} INFO - Setting next_dagrun for weather_etl_daily to 2026-02-26 03:00:00+00:00, run_after=2026-02-26 06:00:00+00:00
[2026-02-26T04:45:31.514+0000] {processor.py:208} INFO - Processing /opt/airflow/dags/weather_etl_dag.py took 0.564 seconds
[2026-02-26T04:46:02.370+0000] {processor.py:186} INFO - Started process (PID=1721) to work on /opt/airflow/dags/weather_etl_dag.py
[2026-02-26T04:46:02.372+0000] {processor.py:914} INFO - Processing file /opt/airflow/dags/weather_etl_dag.py for tasks to queue
[2026-02-26T04:46:02.376+0000] {logging_mixin.py:190} INFO - [2026-02-26T04:46:02.375+0000] {dagbag.py:588} INFO - Filling up the DagBag from /opt/airflow/dags/weather_etl_dag.py
[2026-02-26T04:46:02.822+0000] {processor.py:925} INFO - DAG(s) 'weather_etl_daily' retrieved from /opt/airflow/dags/weather_etl_dag.py
[2026-02-26T04:46:02.877+0000] {logging_mixin.py:190} INFO - [2026-02-26T04:46:02.876+0000] {dag.py:3239} INFO - Sync 1 DAGs
[2026-02-26T04:46:02.907+0000] {logging_mixin.py:190} INFO - [2026-02-26T04:46:02.906+0000] {dag.py:4180} INFO - Setting next_dagrun for weather_etl_daily to 2026-02-26 03:00:00+00:00, run_after=2026-02-26 06:00:00+00:00
[2026-02-26T04:46:02.925+0000] {processor.py:208} INFO - Processing /opt/airflow/dags/weather_etl_dag.py took 0.565 seconds
[2026-02-26T04:46:33.778+0000] {processor.py:186} INFO - Started process (PID=1739) to work on /opt/airflow/dags/weather_etl_dag.py
[2026-02-26T04:46:33.780+0000] {processor.py:914} INFO - Processing file /opt/airflow/dags/weather_etl_dag.py for tasks to queue
[2026-02-26T04:46:33.781+0000] {logging_mixin.py:190} INFO - [2026-02-26T04:46:33.781+0000] {dagbag.py:588} INFO - Filling up the DagBag from /opt/airflow/dags/weather_etl_dag.py
[2026-02-26T04:46:34.240+0000] {processor.py:925} INFO - DAG(s) 'weather_etl_daily' retrieved from /opt/airflow/dags/weather_etl_dag.py
[2026-02-26T04:46:34.276+0000] {logging_mixin.py:190} INFO - [2026-02-26T04:46:34.274+0000] {dag.py:3239} INFO - Sync 1 DAGs
[2026-02-26T04:46:34.300+0000] {logging_mixin.py:190} INFO - [2026-02-26T04:46:34.300+0000] {dag.py:4180} INFO - Setting next_dagrun for weather_etl_daily to 2026-02-26 03:00:00+00:00, run_after=2026-02-26 06:00:00+00:00
[2026-02-26T04:46:34.315+0000] {processor.py:208} INFO - Processing /opt/airflow/dags/weather_etl_dag.py took 0.551 seconds
[2026-02-26T04:47:05.186+0000] {processor.py:186} INFO - Started process (PID=1757) to work on /opt/airflow/dags/weather_etl_dag.py
[2026-02-26T04:47:05.188+0000] {processor.py:914} INFO - Processing file /opt/airflow/dags/weather_etl_dag.py for tasks to queue
[2026-02-26T04:47:05.189+0000] {logging_mixin.py:190} INFO - [2026-02-26T04:47:05.189+0000] {dagbag.py:588} INFO - Filling up the DagBag from /opt/airflow/dags/weather_etl_dag.py
[2026-02-26T04:47:05.588+0000] {processor.py:925} INFO - DAG(s) 'weather_etl_daily' retrieved from /opt/airflow/dags/weather_etl_dag.py
[2026-02-26T04:47:05.630+0000] {logging_mixin.py:190} INFO - [2026-02-26T04:47:05.630+0000] {dag.py:3239} INFO - Sync 1 DAGs
[2026-02-26T04:47:05.671+0000] {logging_mixin.py:190} INFO - [2026-02-26T04:47:05.670+0000] {dag.py:4180} INFO - Setting next_dagrun for weather_etl_daily to 2026-02-26 03:00:00+00:00, run_after=2026-02-26 06:00:00+00:00
[2026-02-26T04:47:05.710+0000] {processor.py:208} INFO - Processing /opt/airflow/dags/weather_etl_dag.py took 0.533 seconds
[2026-02-26T04:47:36.609+0000] {processor.py:186} INFO - Started process (PID=1775) to work on /opt/airflow/dags/weather_etl_dag.py
[2026-02-26T04:47:36.611+0000] {processor.py:914} INFO - Processing file /opt/airflow/dags/weather_etl_dag.py for tasks to queue
[2026-02-26T04:47:36.613+0000] {logging_mixin.py:190} INFO - [2026-02-26T04:47:36.612+0000] {dagbag.py:588} INFO - Filling up the DagBag from /opt/airflow/dags/weather_etl_dag.py
[2026-02-26T04:47:37.098+0000] {processor.py:925} INFO - DAG(s) 'weather_etl_daily' retrieved from /opt/airflow/dags/weather_etl_dag.py
[2026-02-26T04:47:37.152+0000] {logging_mixin.py:190} INFO - [2026-02-26T04:47:37.151+0000] {dag.py:3239} INFO - Sync 1 DAGs
[2026-02-26T04:47:37.183+0000] {logging_mixin.py:190} INFO - [2026-02-26T04:47:37.183+0000] {dag.py:4180} INFO - Setting next_dagrun for weather_etl_daily to 2026-02-26 03:00:00+00:00, run_after=2026-02-26 06:00:00+00:00
[2026-02-26T04:47:37.204+0000] {processor.py:208} INFO - Processing /opt/airflow/dags/weather_etl_dag.py took 0.606 seconds
[2026-02-26T04:48:08.024+0000] {processor.py:186} INFO - Started process (PID=1793) to work on /opt/airflow/dags/weather_etl_dag.py
[2026-02-26T04:48:08.026+0000] {processor.py:914} INFO - Processing file /opt/airflow/dags/weather_etl_dag.py for tasks to queue
[2026-02-26T04:48:08.027+0000] {logging_mixin.py:190} INFO - [2026-02-26T04:48:08.027+0000] {dagbag.py:588} INFO - Filling up the DagBag from /opt/airflow/dags/weather_etl_dag.py
[2026-02-26T04:48:08.423+0000] {processor.py:925} INFO - DAG(s) 'weather_etl_daily' retrieved from /opt/airflow/dags/weather_etl_dag.py
[2026-02-26T04:48:08.477+0000] {logging_mixin.py:190} INFO - [2026-02-26T04:48:08.476+0000] {dag.py:3239} INFO - Sync 1 DAGs
[2026-02-26T04:48:08.522+0000] {logging_mixin.py:190} INFO - [2026-02-26T04:48:08.522+0000] {dag.py:4180} INFO - Setting next_dagrun for weather_etl_daily to 2026-02-26 03:00:00+00:00, run_after=2026-02-26 06:00:00+00:00
[2026-02-26T04:48:08.558+0000] {processor.py:208} INFO - Processing /opt/airflow/dags/weather_etl_dag.py took 0.544 seconds
[2026-02-26T04:48:39.449+0000] {processor.py:186} INFO - Started process (PID=1811) to work on /opt/airflow/dags/weather_etl_dag.py
[2026-02-26T04:48:39.451+0000] {processor.py:914} INFO - Processing file /opt/airflow/dags/weather_etl_dag.py for tasks to queue
[2026-02-26T04:48:39.452+0000] {logging_mixin.py:190} INFO - [2026-02-26T04:48:39.452+0000] {dagbag.py:588} INFO - Filling up the DagBag from /opt/airflow/dags/weather_etl_dag.py
[2026-02-26T04:48:39.850+0000] {processor.py:925} INFO - DAG(s) 'weather_etl_daily' retrieved from /opt/airflow/dags/weather_etl_dag.py
[2026-02-26T04:48:39.892+0000] {logging_mixin.py:190} INFO - [2026-02-26T04:48:39.891+0000] {dag.py:3239} INFO - Sync 1 DAGs
[2026-02-26T04:48:39.923+0000] {logging_mixin.py:190} INFO - [2026-02-26T04:48:39.922+0000] {dag.py:4180} INFO - Setting next_dagrun for weather_etl_daily to 2026-02-26 03:00:00+00:00, run_after=2026-02-26 06:00:00+00:00
[2026-02-26T04:48:39.942+0000] {processor.py:208} INFO - Processing /opt/airflow/dags/weather_etl_dag.py took 0.502 seconds
[2026-02-26T04:49:10.869+0000] {processor.py:186} INFO - Started process (PID=1829) to work on /opt/airflow/dags/weather_etl_dag.py
[2026-02-26T04:49:10.871+0000] {processor.py:914} INFO - Processing file /opt/airflow/dags/weather_etl_dag.py for tasks to queue
[2026-02-26T04:49:10.872+0000] {logging_mixin.py:190} INFO - [2026-02-26T04:49:10.872+0000] {dagbag.py:588} INFO - Filling up the DagBag from /opt/airflow/dags/weather_etl_dag.py
[2026-02-26T04:49:11.300+0000] {processor.py:925} INFO - DAG(s) 'weather_etl_daily' retrieved from /opt/airflow/dags/weather_etl_dag.py
[2026-02-26T04:49:11.338+0000] {logging_mixin.py:190} INFO - [2026-02-26T04:49:11.338+0000] {dag.py:3239} INFO - Sync 1 DAGs
[2026-02-26T04:49:11.369+0000] {logging_mixin.py:190} INFO - [2026-02-26T04:49:11.369+0000] {dag.py:4180} INFO - Setting next_dagrun for weather_etl_daily to 2026-02-26 03:00:00+00:00, run_after=2026-02-26 06:00:00+00:00
[2026-02-26T04:49:11.389+0000] {processor.py:208} INFO - Processing /opt/airflow/dags/weather_etl_dag.py took 0.532 seconds
[2026-02-26T04:49:42.292+0000] {processor.py:186} INFO - Started process (PID=1847) to work on /opt/airflow/dags/weather_etl_dag.py
[2026-02-26T04:49:42.294+0000] {processor.py:914} INFO - Processing file /opt/airflow/dags/weather_etl_dag.py for tasks to queue
[2026-02-26T04:49:42.295+0000] {logging_mixin.py:190} INFO - [2026-02-26T04:49:42.295+0000] {dagbag.py:588} INFO - Filling up the DagBag from /opt/airflow/dags/weather_etl_dag.py
[2026-02-26T04:49:42.774+0000] {processor.py:925} INFO - DAG(s) 'weather_etl_daily' retrieved from /opt/airflow/dags/weather_etl_dag.py
[2026-02-26T04:49:42.815+0000] {logging_mixin.py:190} INFO - [2026-02-26T04:49:42.814+0000] {dag.py:3239} INFO - Sync 1 DAGs
[2026-02-26T04:49:42.846+0000] {logging_mixin.py:190} INFO - [2026-02-26T04:49:42.846+0000] {dag.py:4180} INFO - Setting next_dagrun for weather_etl_daily to 2026-02-26 03:00:00+00:00, run_after=2026-02-26 06:00:00+00:00
[2026-02-26T04:49:42.866+0000] {processor.py:208} INFO - Processing /opt/airflow/dags/weather_etl_dag.py took 0.584 seconds
[2026-02-26T04:50:13.724+0000] {processor.py:186} INFO - Started process (PID=1865) to work on /opt/airflow/dags/weather_etl_dag.py
[2026-02-26T04:50:13.726+0000] {processor.py:914} INFO - Processing file /opt/airflow/dags/weather_etl_dag.py for tasks to queue
[2026-02-26T04:50:13.727+0000] {logging_mixin.py:190} INFO - [2026-02-26T04:50:13.727+0000] {dagbag.py:588} INFO - Filling up the DagBag from /opt/airflow/dags/weather_etl_dag.py
[2026-02-26T04:50:14.199+0000] {processor.py:925} INFO - DAG(s) 'weather_etl_daily' retrieved from /opt/airflow/dags/weather_etl_dag.py
[2026-02-26T04:50:14.253+0000] {logging_mixin.py:190} INFO - [2026-02-26T04:50:14.252+0000] {dag.py:3239} INFO - Sync 1 DAGs
[2026-02-26T04:50:14.296+0000] {logging_mixin.py:190} INFO - [2026-02-26T04:50:14.296+0000] {dag.py:4180} INFO - Setting next_dagrun for weather_etl_daily to 2026-02-26 03:00:00+00:00, run_after=2026-02-26 06:00:00+00:00
[2026-02-26T04:50:14.318+0000] {processor.py:208} INFO - Processing /opt/airflow/dags/weather_etl_dag.py took 0.604 seconds
[2026-02-26T04:50:45.143+0000] {processor.py:186} INFO - Started process (PID=1883) to work on /opt/airflow/dags/weather_etl_dag.py
[2026-02-26T04:50:45.145+0000] {processor.py:914} INFO - Processing file /opt/airflow/dags/weather_etl_dag.py for tasks to queue
[2026-02-26T04:50:45.146+0000] {logging_mixin.py:190} INFO - [2026-02-26T04:50:45.146+0000] {dagbag.py:588} INFO - Filling up the DagBag from /opt/airflow/dags/weather_etl_dag.py
[2026-02-26T04:50:45.601+0000] {processor.py:925} INFO - DAG(s) 'weather_etl_daily' retrieved from /opt/airflow/dags/weather_etl_dag.py
[2026-02-26T04:50:45.645+0000] {logging_mixin.py:190} INFO - [2026-02-26T04:50:45.644+0000] {dag.py:3239} INFO - Sync 1 DAGs
[2026-02-26T04:50:45.677+0000] {logging_mixin.py:190} INFO - [2026-02-26T04:50:45.677+0000] {dag.py:4180} INFO - Setting next_dagrun for weather_etl_daily to 2026-02-26 03:00:00+00:00, run_after=2026-02-26 06:00:00+00:00
[2026-02-26T04:50:45.693+0000] {processor.py:208} INFO - Processing /opt/airflow/dags/weather_etl_dag.py took 0.560 seconds
[2026-02-26T04:51:16.573+0000] {processor.py:186} INFO - Started process (PID=1901) to work on /opt/airflow/dags/weather_etl_dag.py
[2026-02-26T04:51:16.575+0000] {processor.py:914} INFO - Processing file /opt/airflow/dags/weather_etl_dag.py for tasks to queue
[2026-02-26T04:51:16.576+0000] {logging_mixin.py:190} INFO - [2026-02-26T04:51:16.576+0000] {dagbag.py:588} INFO - Filling up the DagBag from /opt/airflow/dags/weather_etl_dag.py
[2026-02-26T04:51:17.007+0000] {processor.py:925} INFO - DAG(s) 'weather_etl_daily' retrieved from /opt/airflow/dags/weather_etl_dag.py
[2026-02-26T04:51:17.050+0000] {logging_mixin.py:190} INFO - [2026-02-26T04:51:17.050+0000] {dag.py:3239} INFO - Sync 1 DAGs
[2026-02-26T04:51:17.082+0000] {logging_mixin.py:190} INFO - [2026-02-26T04:51:17.081+0000] {dag.py:4180} INFO - Setting next_dagrun for weather_etl_daily to 2026-02-26 03:00:00+00:00, run_after=2026-02-26 06:00:00+00:00
[2026-02-26T04:51:17.101+0000] {processor.py:208} INFO - Processing /opt/airflow/dags/weather_etl_dag.py took 0.536 seconds
[2026-02-26T04:51:47.971+0000] {processor.py:186} INFO - Started process (PID=1919) to work on /opt/airflow/dags/weather_etl_dag.py
[2026-02-26T04:51:47.973+0000] {processor.py:914} INFO - Processing file /opt/airflow/dags/weather_etl_dag.py for tasks to queue
[2026-02-26T04:51:47.974+0000] {logging_mixin.py:190} INFO - [2026-02-26T04:51:47.974+0000] {dagbag.py:588} INFO - Filling up the DagBag from /opt/airflow/dags/weather_etl_dag.py
[2026-02-26T04:51:48.385+0000] {processor.py:925} INFO - DAG(s) 'weather_etl_daily' retrieved from /opt/airflow/dags/weather_etl_dag.py
[2026-02-26T04:51:48.431+0000] {logging_mixin.py:190} INFO - [2026-02-26T04:51:48.431+0000] {dag.py:3239} INFO - Sync 1 DAGs
[2026-02-26T04:51:48.472+0000] {logging_mixin.py:190} INFO - [2026-02-26T04:51:48.471+0000] {dag.py:4180} INFO - Setting next_dagrun for weather_etl_daily to 2026-02-26 03:00:00+00:00, run_after=2026-02-26 06:00:00+00:00
[2026-02-26T04:51:48.488+0000] {processor.py:208} INFO - Processing /opt/airflow/dags/weather_etl_dag.py took 0.525 seconds
[2026-02-26T04:52:18.587+0000] {processor.py:186} INFO - Started process (PID=1937) to work on /opt/airflow/dags/weather_etl_dag.py
[2026-02-26T04:52:18.589+0000] {processor.py:914} INFO - Processing file /opt/airflow/dags/weather_etl_dag.py for tasks to queue
[2026-02-26T04:52:18.590+0000] {logging_mixin.py:190} INFO - [2026-02-26T04:52:18.590+0000] {dagbag.py:588} INFO - Filling up the DagBag from /opt/airflow/dags/weather_etl_dag.py
[2026-02-26T04:52:19.037+0000] {processor.py:925} INFO - DAG(s) 'weather_etl_daily' retrieved from /opt/airflow/dags/weather_etl_dag.py
[2026-02-26T04:52:19.083+0000] {logging_mixin.py:190} INFO - [2026-02-26T04:52:19.082+0000] {dag.py:3239} INFO - Sync 1 DAGs
[2026-02-26T04:52:19.114+0000] {logging_mixin.py:190} INFO - [2026-02-26T04:52:19.114+0000] {dag.py:4180} INFO - Setting next_dagrun for weather_etl_daily to 2026-02-26 03:00:00+00:00, run_after=2026-02-26 06:00:00+00:00
[2026-02-26T04:52:19.134+0000] {processor.py:208} INFO - Processing /opt/airflow/dags/weather_etl_dag.py took 0.559 seconds
[2026-02-26T04:52:49.870+0000] {processor.py:186} INFO - Started process (PID=1955) to work on /opt/airflow/dags/weather_etl_dag.py
[2026-02-26T04:52:49.872+0000] {processor.py:914} INFO - Processing file /opt/airflow/dags/weather_etl_dag.py for tasks to queue
[2026-02-26T04:52:49.873+0000] {logging_mixin.py:190} INFO - [2026-02-26T04:52:49.873+0000] {dagbag.py:588} INFO - Filling up the DagBag from /opt/airflow/dags/weather_etl_dag.py
[2026-02-26T04:52:50.368+0000] {processor.py:925} INFO - DAG(s) 'weather_etl_daily' retrieved from /opt/airflow/dags/weather_etl_dag.py
[2026-02-26T04:52:50.412+0000] {logging_mixin.py:190} INFO - [2026-02-26T04:52:50.411+0000] {dag.py:3239} INFO - Sync 1 DAGs
[2026-02-26T04:52:50.442+0000] {logging_mixin.py:190} INFO - [2026-02-26T04:52:50.442+0000] {dag.py:4180} INFO - Setting next_dagrun for weather_etl_daily to 2026-02-26 03:00:00+00:00, run_after=2026-02-26 06:00:00+00:00
[2026-02-26T04:52:50.463+0000] {processor.py:208} INFO - Processing /opt/airflow/dags/weather_etl_dag.py took 0.605 seconds
[2026-02-26T04:53:21.267+0000] {processor.py:186} INFO - Started process (PID=1973) to work on /opt/airflow/dags/weather_etl_dag.py
[2026-02-26T04:53:21.269+0000] {processor.py:914} INFO - Processing file /opt/airflow/dags/weather_etl_dag.py for tasks to queue
[2026-02-26T04:53:21.270+0000] {logging_mixin.py:190} INFO - [2026-02-26T04:53:21.270+0000] {dagbag.py:588} INFO - Filling up the DagBag from /opt/airflow/dags/weather_etl_dag.py
[2026-02-26T04:53:21.730+0000] {processor.py:925} INFO - DAG(s) 'weather_etl_daily' retrieved from /opt/airflow/dags/weather_etl_dag.py
[2026-02-26T04:53:21.774+0000] {logging_mixin.py:190} INFO - [2026-02-26T04:53:21.774+0000] {dag.py:3239} INFO - Sync 1 DAGs
[2026-02-26T04:53:21.807+0000] {logging_mixin.py:190} INFO - [2026-02-26T04:53:21.806+0000] {dag.py:4180} INFO - Setting next_dagrun for weather_etl_daily to 2026-02-26 03:00:00+00:00, run_after=2026-02-26 06:00:00+00:00
[2026-02-26T04:53:21.825+0000] {processor.py:208} INFO - Processing /opt/airflow/dags/weather_etl_dag.py took 0.569 seconds
[2026-02-26T04:53:52.738+0000] {processor.py:186} INFO - Started process (PID=1991) to work on /opt/airflow/dags/weather_etl_dag.py
[2026-02-26T04:53:52.739+0000] {processor.py:914} INFO - Processing file /opt/airflow/dags/weather_etl_dag.py for tasks to queue
[2026-02-26T04:53:52.741+0000] {logging_mixin.py:190} INFO - [2026-02-26T04:53:52.740+0000] {dagbag.py:588} INFO - Filling up the DagBag from /opt/airflow/dags/weather_etl_dag.py
[2026-02-26T04:53:53.197+0000] {processor.py:925} INFO - DAG(s) 'weather_etl_daily' retrieved from /opt/airflow/dags/weather_etl_dag.py
[2026-02-26T04:53:53.270+0000] {logging_mixin.py:190} INFO - [2026-02-26T04:53:53.269+0000] {dag.py:3239} INFO - Sync 1 DAGs
[2026-02-26T04:53:53.309+0000] {logging_mixin.py:190} INFO - [2026-02-26T04:53:53.308+0000] {dag.py:4180} INFO - Setting next_dagrun for weather_etl_daily to 2026-02-26 03:00:00+00:00, run_after=2026-02-26 06:00:00+00:00
[2026-02-26T04:53:53.334+0000] {processor.py:208} INFO - Processing /opt/airflow/dags/weather_etl_dag.py took 0.606 seconds
[2026-02-26T04:54:24.153+0000] {processor.py:186} INFO - Started process (PID=2009) to work on /opt/airflow/dags/weather_etl_dag.py
[2026-02-26T04:54:24.155+0000] {processor.py:914} INFO - Processing file /opt/airflow/dags/weather_etl_dag.py for tasks to queue
[2026-02-26T04:54:24.157+0000] {logging_mixin.py:190} INFO - [2026-02-26T04:54:24.156+0000] {dagbag.py:588} INFO - Filling up the DagBag from /opt/airflow/dags/weather_etl_dag.py
[2026-02-26T04:54:24.579+0000] {processor.py:925} INFO - DAG(s) 'weather_etl_daily' retrieved from /opt/airflow/dags/weather_etl_dag.py
[2026-02-26T04:54:24.624+0000] {logging_mixin.py:190} INFO - [2026-02-26T04:54:24.623+0000] {dag.py:3239} INFO - Sync 1 DAGs
[2026-02-26T04:54:24.655+0000] {logging_mixin.py:190} INFO - [2026-02-26T04:54:24.655+0000] {dag.py:4180} INFO - Setting next_dagrun for weather_etl_daily to 2026-02-26 03:00:00+00:00, run_after=2026-02-26 06:00:00+00:00
[2026-02-26T04:54:24.677+0000] {processor.py:208} INFO - Processing /opt/airflow/dags/weather_etl_dag.py took 0.534 seconds
[2026-02-26T04:54:54.741+0000] {processor.py:186} INFO - Started process (PID=2027) to work on /opt/airflow/dags/weather_etl_dag.py
[2026-02-26T04:54:54.742+0000] {processor.py:914} INFO - Processing file /opt/airflow/dags/weather_etl_dag.py for tasks to queue
[2026-02-26T04:54:54.744+0000] {logging_mixin.py:190} INFO - [2026-02-26T04:54:54.743+0000] {dagbag.py:588} INFO - Filling up the DagBag from /opt/airflow/dags/weather_etl_dag.py
[2026-02-26T04:54:55.180+0000] {processor.py:925} INFO - DAG(s) 'weather_etl_daily' retrieved from /opt/airflow/dags/weather_etl_dag.py
[2026-02-26T04:54:55.224+0000] {logging_mixin.py:190} INFO - [2026-02-26T04:54:55.224+0000] {dag.py:3239} INFO - Sync 1 DAGs
[2026-02-26T04:54:55.255+0000] {logging_mixin.py:190} INFO - [2026-02-26T04:54:55.254+0000] {dag.py:4180} INFO - Setting next_dagrun for weather_etl_daily to 2026-02-26 03:00:00+00:00, run_after=2026-02-26 06:00:00+00:00
[2026-02-26T04:54:55.274+0000] {processor.py:208} INFO - Processing /opt/airflow/dags/weather_etl_dag.py took 0.544 seconds
[2026-02-26T04:55:26.031+0000] {processor.py:186} INFO - Started process (PID=2045) to work on /opt/airflow/dags/weather_etl_dag.py
[2026-02-26T04:55:26.032+0000] {processor.py:914} INFO - Processing file /opt/airflow/dags/weather_etl_dag.py for tasks to queue
[2026-02-26T04:55:26.034+0000] {logging_mixin.py:190} INFO - [2026-02-26T04:55:26.034+0000] {dagbag.py:588} INFO - Filling up the DagBag from /opt/airflow/dags/weather_etl_dag.py
[2026-02-26T04:55:26.509+0000] {processor.py:925} INFO - DAG(s) 'weather_etl_daily' retrieved from /opt/airflow/dags/weather_etl_dag.py
[2026-02-26T04:55:26.553+0000] {logging_mixin.py:190} INFO - [2026-02-26T04:55:26.552+0000] {dag.py:3239} INFO - Sync 1 DAGs
[2026-02-26T04:55:26.586+0000] {logging_mixin.py:190} INFO - [2026-02-26T04:55:26.586+0000] {dag.py:4180} INFO - Setting next_dagrun for weather_etl_daily to 2026-02-26 03:00:00+00:00, run_after=2026-02-26 06:00:00+00:00
[2026-02-26T04:55:26.607+0000] {processor.py:208} INFO - Processing /opt/airflow/dags/weather_etl_dag.py took 0.587 seconds
[2026-02-26T04:55:57.415+0000] {processor.py:186} INFO - Started process (PID=2063) to work on /opt/airflow/dags/weather_etl_dag.py
[2026-02-26T04:55:57.416+0000] {processor.py:914} INFO - Processing file /opt/airflow/dags/weather_etl_dag.py for tasks to queue
[2026-02-26T04:55:57.418+0000] {logging_mixin.py:190} INFO - [2026-02-26T04:55:57.417+0000] {dagbag.py:588} INFO - Filling up the DagBag from /opt/airflow/dags/weather_etl_dag.py
[2026-02-26T04:55:57.870+0000] {processor.py:925} INFO - DAG(s) 'weather_etl_daily' retrieved from /opt/airflow/dags/weather_etl_dag.py
[2026-02-26T04:55:57.930+0000] {logging_mixin.py:190} INFO - [2026-02-26T04:55:57.929+0000] {dag.py:3239} INFO - Sync 1 DAGs
[2026-02-26T04:55:57.957+0000] {logging_mixin.py:190} INFO - [2026-02-26T04:55:57.957+0000] {dag.py:4180} INFO - Setting next_dagrun for weather_etl_daily to 2026-02-26 03:00:00+00:00, run_after=2026-02-26 06:00:00+00:00
[2026-02-26T04:55:57.975+0000] {processor.py:208} INFO - Processing /opt/airflow/dags/weather_etl_dag.py took 0.571 seconds
[2026-02-26T04:56:28.855+0000] {processor.py:186} INFO - Started process (PID=2081) to work on /opt/airflow/dags/weather_etl_dag.py
[2026-02-26T04:56:28.860+0000] {processor.py:914} INFO - Processing file /opt/airflow/dags/weather_etl_dag.py for tasks to queue
[2026-02-26T04:56:28.864+0000] {logging_mixin.py:190} INFO - [2026-02-26T04:56:28.863+0000] {dagbag.py:588} INFO - Filling up the DagBag from /opt/airflow/dags/weather_etl_dag.py
[2026-02-26T04:56:29.329+0000] {processor.py:925} INFO - DAG(s) 'weather_etl_daily' retrieved from /opt/airflow/dags/weather_etl_dag.py
[2026-02-26T04:56:29.386+0000] {logging_mixin.py:190} INFO - [2026-02-26T04:56:29.384+0000] {dag.py:3239} INFO - Sync 1 DAGs
[2026-02-26T04:56:29.416+0000] {logging_mixin.py:190} INFO - [2026-02-26T04:56:29.416+0000] {dag.py:4180} INFO - Setting next_dagrun for weather_etl_daily to 2026-02-26 03:00:00+00:00, run_after=2026-02-26 06:00:00+00:00
[2026-02-26T04:56:29.435+0000] {processor.py:208} INFO - Processing /opt/airflow/dags/weather_etl_dag.py took 0.592 seconds
[2026-02-26T04:57:00.291+0000] {processor.py:186} INFO - Started process (PID=2099) to work on /opt/airflow/dags/weather_etl_dag.py
[2026-02-26T04:57:00.293+0000] {processor.py:914} INFO - Processing file /opt/airflow/dags/weather_etl_dag.py for tasks to queue
[2026-02-26T04:57:00.294+0000] {logging_mixin.py:190} INFO - [2026-02-26T04:57:00.294+0000] {dagbag.py:588} INFO - Filling up the DagBag from /opt/airflow/dags/weather_etl_dag.py
[2026-02-26T04:57:00.735+0000] {processor.py:925} INFO - DAG(s) 'weather_etl_daily' retrieved from /opt/airflow/dags/weather_etl_dag.py
[2026-02-26T04:57:00.792+0000] {logging_mixin.py:190} INFO - [2026-02-26T04:57:00.791+0000] {dag.py:3239} INFO - Sync 1 DAGs
[2026-02-26T04:57:00.822+0000] {logging_mixin.py:190} INFO - [2026-02-26T04:57:00.822+0000] {dag.py:4180} INFO - Setting next_dagrun for weather_etl_daily to 2026-02-26 03:00:00+00:00, run_after=2026-02-26 06:00:00+00:00
[2026-02-26T04:57:00.841+0000] {processor.py:208} INFO - Processing /opt/airflow/dags/weather_etl_dag.py took 0.561 seconds
[2026-02-26T04:57:31.698+0000] {processor.py:186} INFO - Started process (PID=2117) to work on /opt/airflow/dags/weather_etl_dag.py
[2026-02-26T04:57:31.700+0000] {processor.py:914} INFO - Processing file /opt/airflow/dags/weather_etl_dag.py for tasks to queue
[2026-02-26T04:57:31.702+0000] {logging_mixin.py:190} INFO - [2026-02-26T04:57:31.701+0000] {dagbag.py:588} INFO - Filling up the DagBag from /opt/airflow/dags/weather_etl_dag.py
[2026-02-26T04:57:32.166+0000] {processor.py:925} INFO - DAG(s) 'weather_etl_daily' retrieved from /opt/airflow/dags/weather_etl_dag.py
[2026-02-26T04:57:32.210+0000] {logging_mixin.py:190} INFO - [2026-02-26T04:57:32.209+0000] {dag.py:3239} INFO - Sync 1 DAGs
[2026-02-26T04:57:32.242+0000] {logging_mixin.py:190} INFO - [2026-02-26T04:57:32.242+0000] {dag.py:4180} INFO - Setting next_dagrun for weather_etl_daily to 2026-02-26 03:00:00+00:00, run_after=2026-02-26 06:00:00+00:00
[2026-02-26T04:57:32.263+0000] {processor.py:208} INFO - Processing /opt/airflow/dags/weather_etl_dag.py took 0.575 seconds
[2026-02-26T04:58:03.095+0000] {processor.py:186} INFO - Started process (PID=2137) to work on /opt/airflow/dags/weather_etl_dag.py
[2026-02-26T04:58:03.097+0000] {processor.py:914} INFO - Processing file /opt/airflow/dags/weather_etl_dag.py for tasks to queue
[2026-02-26T04:58:03.099+0000] {logging_mixin.py:190} INFO - [2026-02-26T04:58:03.099+0000] {dagbag.py:588} INFO - Filling up the DagBag from /opt/airflow/dags/weather_etl_dag.py
[2026-02-26T04:58:03.499+0000] {processor.py:925} INFO - DAG(s) 'weather_etl_daily' retrieved from /opt/airflow/dags/weather_etl_dag.py
[2026-02-26T04:58:03.543+0000] {logging_mixin.py:190} INFO - [2026-02-26T04:58:03.542+0000] {dag.py:3239} INFO - Sync 1 DAGs
[2026-02-26T04:58:03.576+0000] {logging_mixin.py:190} INFO - [2026-02-26T04:58:03.576+0000] {dag.py:4180} INFO - Setting next_dagrun for weather_etl_daily to 2026-02-26 03:00:00+00:00, run_after=2026-02-26 06:00:00+00:00
[2026-02-26T04:58:03.602+0000] {processor.py:208} INFO - Processing /opt/airflow/dags/weather_etl_dag.py took 0.518 seconds
[2026-02-26T04:58:33.718+0000] {processor.py:186} INFO - Started process (PID=2158) to work on /opt/airflow/dags/weather_etl_dag.py
[2026-02-26T04:58:33.719+0000] {processor.py:914} INFO - Processing file /opt/airflow/dags/weather_etl_dag.py for tasks to queue
[2026-02-26T04:58:33.721+0000] {logging_mixin.py:190} INFO - [2026-02-26T04:58:33.720+0000] {dagbag.py:588} INFO - Filling up the DagBag from /opt/airflow/dags/weather_etl_dag.py
[2026-02-26T04:58:34.165+0000] {processor.py:925} INFO - DAG(s) 'weather_etl_daily' retrieved from /opt/airflow/dags/weather_etl_dag.py
[2026-02-26T04:58:34.225+0000] {logging_mixin.py:190} INFO - [2026-02-26T04:58:34.225+0000] {dag.py:3239} INFO - Sync 1 DAGs
[2026-02-26T04:58:34.260+0000] {logging_mixin.py:190} INFO - [2026-02-26T04:58:34.260+0000] {dag.py:4180} INFO - Setting next_dagrun for weather_etl_daily to 2026-02-26 03:00:00+00:00, run_after=2026-02-26 06:00:00+00:00
[2026-02-26T04:58:34.278+0000] {processor.py:208} INFO - Processing /opt/airflow/dags/weather_etl_dag.py took 0.570 seconds
[2026-02-26T04:59:05.003+0000] {processor.py:186} INFO - Started process (PID=2176) to work on /opt/airflow/dags/weather_etl_dag.py
[2026-02-26T04:59:05.005+0000] {processor.py:914} INFO - Processing file /opt/airflow/dags/weather_etl_dag.py for tasks to queue
[2026-02-26T04:59:05.006+0000] {logging_mixin.py:190} INFO - [2026-02-26T04:59:05.006+0000] {dagbag.py:588} INFO - Filling up the DagBag from /opt/airflow/dags/weather_etl_dag.py
[2026-02-26T04:59:05.403+0000] {processor.py:925} INFO - DAG(s) 'weather_etl_daily' retrieved from /opt/airflow/dags/weather_etl_dag.py
[2026-02-26T04:59:05.448+0000] {logging_mixin.py:190} INFO - [2026-02-26T04:59:05.446+0000] {dag.py:3239} INFO - Sync 1 DAGs
[2026-02-26T04:59:05.478+0000] {logging_mixin.py:190} INFO - [2026-02-26T04:59:05.478+0000] {dag.py:4180} INFO - Setting next_dagrun for weather_etl_daily to 2026-02-26 03:00:00+00:00, run_after=2026-02-26 06:00:00+00:00
[2026-02-26T04:59:05.506+0000] {processor.py:208} INFO - Processing /opt/airflow/dags/weather_etl_dag.py took 0.513 seconds
[2026-02-26T04:59:36.394+0000] {processor.py:186} INFO - Started process (PID=2194) to work on /opt/airflow/dags/weather_etl_dag.py
[2026-02-26T04:59:36.396+0000] {processor.py:914} INFO - Processing file /opt/airflow/dags/weather_etl_dag.py for tasks to queue
[2026-02-26T04:59:36.397+0000] {logging_mixin.py:190} INFO - [2026-02-26T04:59:36.397+0000] {dagbag.py:588} INFO - Filling up the DagBag from /opt/airflow/dags/weather_etl_dag.py
[2026-02-26T04:59:36.845+0000] {processor.py:925} INFO - DAG(s) 'weather_etl_daily' retrieved from /opt/airflow/dags/weather_etl_dag.py
[2026-02-26T04:59:36.901+0000] {logging_mixin.py:190} INFO - [2026-02-26T04:59:36.901+0000] {dag.py:3239} INFO - Sync 1 DAGs
[2026-02-26T04:59:36.942+0000] {logging_mixin.py:190} INFO - [2026-02-26T04:59:36.942+0000] {dag.py:4180} INFO - Setting next_dagrun for weather_etl_daily to 2026-02-26 03:00:00+00:00, run_after=2026-02-26 06:00:00+00:00
[2026-02-26T04:59:36.957+0000] {processor.py:208} INFO - Processing /opt/airflow/dags/weather_etl_dag.py took 0.572 seconds
[2026-02-26T05:00:07.845+0000] {processor.py:186} INFO - Started process (PID=2212) to work on /opt/airflow/dags/weather_etl_dag.py
[2026-02-26T05:00:07.846+0000] {processor.py:914} INFO - Processing file /opt/airflow/dags/weather_etl_dag.py for tasks to queue
[2026-02-26T05:00:07.847+0000] {logging_mixin.py:190} INFO - [2026-02-26T05:00:07.847+0000] {dagbag.py:588} INFO - Filling up the DagBag from /opt/airflow/dags/weather_etl_dag.py
[2026-02-26T05:00:08.240+0000] {processor.py:925} INFO - DAG(s) 'weather_etl_daily' retrieved from /opt/airflow/dags/weather_etl_dag.py
[2026-02-26T05:00:08.280+0000] {logging_mixin.py:190} INFO - [2026-02-26T05:00:08.279+0000] {dag.py:3239} INFO - Sync 1 DAGs
[2026-02-26T05:00:08.314+0000] {logging_mixin.py:190} INFO - [2026-02-26T05:00:08.314+0000] {dag.py:4180} INFO - Setting next_dagrun for weather_etl_daily to 2026-02-26 03:00:00+00:00, run_after=2026-02-26 06:00:00+00:00
[2026-02-26T05:00:08.336+0000] {processor.py:208} INFO - Processing /opt/airflow/dags/weather_etl_dag.py took 0.500 seconds
[2026-02-26T05:00:38.422+0000] {processor.py:186} INFO - Started process (PID=2230) to work on /opt/airflow/dags/weather_etl_dag.py
[2026-02-26T05:00:38.424+0000] {processor.py:914} INFO - Processing file /opt/airflow/dags/weather_etl_dag.py for tasks to queue
[2026-02-26T05:00:38.425+0000] {logging_mixin.py:190} INFO - [2026-02-26T05:00:38.425+0000] {dagbag.py:588} INFO - Filling up the DagBag from /opt/airflow/dags/weather_etl_dag.py
[2026-02-26T05:00:38.891+0000] {processor.py:925} INFO - DAG(s) 'weather_etl_daily' retrieved from /opt/airflow/dags/weather_etl_dag.py
[2026-02-26T05:00:38.936+0000] {logging_mixin.py:190} INFO - [2026-02-26T05:00:38.935+0000] {dag.py:3239} INFO - Sync 1 DAGs
[2026-02-26T05:00:38.982+0000] {logging_mixin.py:190} INFO - [2026-02-26T05:00:38.981+0000] {dag.py:4180} INFO - Setting next_dagrun for weather_etl_daily to 2026-02-26 03:00:00+00:00, run_after=2026-02-26 06:00:00+00:00
[2026-02-26T05:00:39.002+0000] {processor.py:208} INFO - Processing /opt/airflow/dags/weather_etl_dag.py took 0.589 seconds
[2026-02-26T05:01:09.681+0000] {processor.py:186} INFO - Started process (PID=2248) to work on /opt/airflow/dags/weather_etl_dag.py
[2026-02-26T05:01:09.683+0000] {processor.py:914} INFO - Processing file /opt/airflow/dags/weather_etl_dag.py for tasks to queue
[2026-02-26T05:01:09.684+0000] {logging_mixin.py:190} INFO - [2026-02-26T05:01:09.684+0000] {dagbag.py:588} INFO - Filling up the DagBag from /opt/airflow/dags/weather_etl_dag.py
[2026-02-26T05:01:10.139+0000] {processor.py:925} INFO - DAG(s) 'weather_etl_daily' retrieved from /opt/airflow/dags/weather_etl_dag.py
[2026-02-26T05:01:10.189+0000] {logging_mixin.py:190} INFO - [2026-02-26T05:01:10.188+0000] {dag.py:3239} INFO - Sync 1 DAGs
[2026-02-26T05:01:10.220+0000] {logging_mixin.py:190} INFO - [2026-02-26T05:01:10.220+0000] {dag.py:4180} INFO - Setting next_dagrun for weather_etl_daily to 2026-02-26 03:00:00+00:00, run_after=2026-02-26 06:00:00+00:00
[2026-02-26T05:01:10.240+0000] {processor.py:208} INFO - Processing /opt/airflow/dags/weather_etl_dag.py took 0.568 seconds
[2026-02-26T05:01:41.106+0000] {processor.py:186} INFO - Started process (PID=2266) to work on /opt/airflow/dags/weather_etl_dag.py
[2026-02-26T05:01:41.107+0000] {processor.py:914} INFO - Processing file /opt/airflow/dags/weather_etl_dag.py for tasks to queue
[2026-02-26T05:01:41.109+0000] {logging_mixin.py:190} INFO - [2026-02-26T05:01:41.109+0000] {dagbag.py:588} INFO - Filling up the DagBag from /opt/airflow/dags/weather_etl_dag.py
[2026-02-26T05:01:41.515+0000] {processor.py:925} INFO - DAG(s) 'weather_etl_daily' retrieved from /opt/airflow/dags/weather_etl_dag.py
[2026-02-26T05:01:41.559+0000] {logging_mixin.py:190} INFO - [2026-02-26T05:01:41.558+0000] {dag.py:3239} INFO - Sync 1 DAGs
[2026-02-26T05:01:41.589+0000] {logging_mixin.py:190} INFO - [2026-02-26T05:01:41.588+0000] {dag.py:4180} INFO - Setting next_dagrun for weather_etl_daily to 2026-02-26 03:00:00+00:00, run_after=2026-02-26 06:00:00+00:00
[2026-02-26T05:01:41.608+0000] {processor.py:208} INFO - Processing /opt/airflow/dags/weather_etl_dag.py took 0.513 seconds
[2026-02-26T05:02:11.695+0000] {processor.py:186} INFO - Started process (PID=2284) to work on /opt/airflow/dags/weather_etl_dag.py
[2026-02-26T05:02:11.698+0000] {processor.py:914} INFO - Processing file /opt/airflow/dags/weather_etl_dag.py for tasks to queue
[2026-02-26T05:02:11.701+0000] {logging_mixin.py:190} INFO - [2026-02-26T05:02:11.700+0000] {dagbag.py:588} INFO - Filling up the DagBag from /opt/airflow/dags/weather_etl_dag.py
[2026-02-26T05:02:12.156+0000] {processor.py:925} INFO - DAG(s) 'weather_etl_daily' retrieved from /opt/airflow/dags/weather_etl_dag.py
[2026-02-26T05:02:12.201+0000] {logging_mixin.py:190} INFO - [2026-02-26T05:02:12.200+0000] {dag.py:3239} INFO - Sync 1 DAGs
[2026-02-26T05:02:12.233+0000] {logging_mixin.py:190} INFO - [2026-02-26T05:02:12.232+0000] {dag.py:4180} INFO - Setting next_dagrun for weather_etl_daily to 2026-02-26 03:00:00+00:00, run_after=2026-02-26 06:00:00+00:00
[2026-02-26T05:02:12.253+0000] {processor.py:208} INFO - Processing /opt/airflow/dags/weather_etl_dag.py took 0.574 seconds
[2026-02-26T05:02:43.020+0000] {processor.py:186} INFO - Started process (PID=2302) to work on /opt/airflow/dags/weather_etl_dag.py
[2026-02-26T05:02:43.021+0000] {processor.py:914} INFO - Processing file /opt/airflow/dags/weather_etl_dag.py for tasks to queue
[2026-02-26T05:02:43.023+0000] {logging_mixin.py:190} INFO - [2026-02-26T05:02:43.023+0000] {dagbag.py:588} INFO - Filling up the DagBag from /opt/airflow/dags/weather_etl_dag.py
[2026-02-26T05:02:43.495+0000] {processor.py:925} INFO - DAG(s) 'weather_etl_daily' retrieved from /opt/airflow/dags/weather_etl_dag.py
[2026-02-26T05:02:43.530+0000] {logging_mixin.py:190} INFO - [2026-02-26T05:02:43.529+0000] {dag.py:3239} INFO - Sync 1 DAGs
[2026-02-26T05:02:43.560+0000] {logging_mixin.py:190} INFO - [2026-02-26T05:02:43.560+0000] {dag.py:4180} INFO - Setting next_dagrun for weather_etl_daily to 2026-02-26 03:00:00+00:00, run_after=2026-02-26 06:00:00+00:00
[2026-02-26T05:02:43.580+0000] {processor.py:208} INFO - Processing /opt/airflow/dags/weather_etl_dag.py took 0.569 seconds
[2026-02-26T05:03:14.406+0000] {processor.py:186} INFO - Started process (PID=2320) to work on /opt/airflow/dags/weather_etl_dag.py
[2026-02-26T05:03:14.407+0000] {processor.py:914} INFO - Processing file /opt/airflow/dags/weather_etl_dag.py for tasks to queue
[2026-02-26T05:03:14.409+0000] {logging_mixin.py:190} INFO - [2026-02-26T05:03:14.408+0000] {dagbag.py:588} INFO - Filling up the DagBag from /opt/airflow/dags/weather_etl_dag.py
[2026-02-26T05:03:14.802+0000] {processor.py:925} INFO - DAG(s) 'weather_etl_daily' retrieved from /opt/airflow/dags/weather_etl_dag.py
[2026-02-26T05:03:14.861+0000] {logging_mixin.py:190} INFO - [2026-02-26T05:03:14.861+0000] {dag.py:3239} INFO - Sync 1 DAGs
[2026-02-26T05:03:14.898+0000] {logging_mixin.py:190} INFO - [2026-02-26T05:03:14.897+0000] {dag.py:4180} INFO - Setting next_dagrun for weather_etl_daily to 2026-02-26 03:00:00+00:00, run_after=2026-02-26 06:00:00+00:00
[2026-02-26T05:03:14.928+0000] {processor.py:208} INFO - Processing /opt/airflow/dags/weather_etl_dag.py took 0.534 seconds
[2026-02-26T05:03:45.812+0000] {processor.py:186} INFO - Started process (PID=2338) to work on /opt/airflow/dags/weather_etl_dag.py
[2026-02-26T05:03:45.814+0000] {processor.py:914} INFO - Processing file /opt/airflow/dags/weather_etl_dag.py for tasks to queue
[2026-02-26T05:03:45.815+0000] {logging_mixin.py:190} INFO - [2026-02-26T05:03:45.815+0000] {dagbag.py:588} INFO - Filling up the DagBag from /opt/airflow/dags/weather_etl_dag.py
[2026-02-26T05:03:46.259+0000] {processor.py:925} INFO - DAG(s) 'weather_etl_daily' retrieved from /opt/airflow/dags/weather_etl_dag.py
[2026-02-26T05:03:46.300+0000] {logging_mixin.py:190} INFO - [2026-02-26T05:03:46.300+0000] {dag.py:3239} INFO - Sync 1 DAGs
[2026-02-26T05:03:46.338+0000] {logging_mixin.py:190} INFO - [2026-02-26T05:03:46.337+0000] {dag.py:4180} INFO - Setting next_dagrun for weather_etl_daily to 2026-02-26 03:00:00+00:00, run_after=2026-02-26 06:00:00+00:00
[2026-02-26T05:03:46.358+0000] {processor.py:208} INFO - Processing /opt/airflow/dags/weather_etl_dag.py took 0.556 seconds
[2026-02-26T05:04:17.212+0000] {processor.py:186} INFO - Started process (PID=2356) to work on /opt/airflow/dags/weather_etl_dag.py
[2026-02-26T05:04:17.215+0000] {processor.py:914} INFO - Processing file /opt/airflow/dags/weather_etl_dag.py for tasks to queue
[2026-02-26T05:04:17.216+0000] {logging_mixin.py:190} INFO - [2026-02-26T05:04:17.216+0000] {dagbag.py:588} INFO - Filling up the DagBag from /opt/airflow/dags/weather_etl_dag.py
[2026-02-26T05:04:17.633+0000] {processor.py:925} INFO - DAG(s) 'weather_etl_daily' retrieved from /opt/airflow/dags/weather_etl_dag.py
[2026-02-26T05:04:17.681+0000] {logging_mixin.py:190} INFO - [2026-02-26T05:04:17.680+0000] {dag.py:3239} INFO - Sync 1 DAGs
[2026-02-26T05:04:17.711+0000] {logging_mixin.py:190} INFO - [2026-02-26T05:04:17.711+0000] {dag.py:4180} INFO - Setting next_dagrun for weather_etl_daily to 2026-02-26 03:00:00+00:00, run_after=2026-02-26 06:00:00+00:00
[2026-02-26T05:04:17.734+0000] {processor.py:208} INFO - Processing /opt/airflow/dags/weather_etl_dag.py took 0.533 seconds
[2026-02-26T05:04:48.645+0000] {processor.py:186} INFO - Started process (PID=2374) to work on /opt/airflow/dags/weather_etl_dag.py
[2026-02-26T05:04:48.646+0000] {processor.py:914} INFO - Processing file /opt/airflow/dags/weather_etl_dag.py for tasks to queue
[2026-02-26T05:04:48.648+0000] {logging_mixin.py:190} INFO - [2026-02-26T05:04:48.648+0000] {dagbag.py:588} INFO - Filling up the DagBag from /opt/airflow/dags/weather_etl_dag.py
[2026-02-26T05:04:49.045+0000] {processor.py:925} INFO - DAG(s) 'weather_etl_daily' retrieved from /opt/airflow/dags/weather_etl_dag.py
[2026-02-26T05:04:49.089+0000] {logging_mixin.py:190} INFO - [2026-02-26T05:04:49.088+0000] {dag.py:3239} INFO - Sync 1 DAGs
[2026-02-26T05:04:49.118+0000] {logging_mixin.py:190} INFO - [2026-02-26T05:04:49.118+0000] {dag.py:4180} INFO - Setting next_dagrun for weather_etl_daily to 2026-02-26 03:00:00+00:00, run_after=2026-02-26 06:00:00+00:00
[2026-02-26T05:04:49.138+0000] {processor.py:208} INFO - Processing /opt/airflow/dags/weather_etl_dag.py took 0.507 seconds
[2026-02-26T05:05:19.217+0000] {processor.py:186} INFO - Started process (PID=2392) to work on /opt/airflow/dags/weather_etl_dag.py
[2026-02-26T05:05:19.219+0000] {processor.py:914} INFO - Processing file /opt/airflow/dags/weather_etl_dag.py for tasks to queue
[2026-02-26T05:05:19.220+0000] {logging_mixin.py:190} INFO - [2026-02-26T05:05:19.220+0000] {dagbag.py:588} INFO - Filling up the DagBag from /opt/airflow/dags/weather_etl_dag.py
[2026-02-26T05:05:19.661+0000] {processor.py:925} INFO - DAG(s) 'weather_etl_daily' retrieved from /opt/airflow/dags/weather_etl_dag.py
[2026-02-26T05:05:19.708+0000] {logging_mixin.py:190} INFO - [2026-02-26T05:05:19.707+0000] {dag.py:3239} INFO - Sync 1 DAGs
[2026-02-26T05:05:19.737+0000] {logging_mixin.py:190} INFO - [2026-02-26T05:05:19.736+0000] {dag.py:4180} INFO - Setting next_dagrun for weather_etl_daily to 2026-02-26 03:00:00+00:00, run_after=2026-02-26 06:00:00+00:00
[2026-02-26T05:05:19.757+0000] {processor.py:208} INFO - Processing /opt/airflow/dags/weather_etl_dag.py took 0.551 seconds
[2026-02-26T05:05:50.493+0000] {processor.py:186} INFO - Started process (PID=2410) to work on /opt/airflow/dags/weather_etl_dag.py
[2026-02-26T05:05:50.494+0000] {processor.py:914} INFO - Processing file /opt/airflow/dags/weather_etl_dag.py for tasks to queue
[2026-02-26T05:05:50.496+0000] {logging_mixin.py:190} INFO - [2026-02-26T05:05:50.495+0000] {dagbag.py:588} INFO - Filling up the DagBag from /opt/airflow/dags/weather_etl_dag.py
[2026-02-26T05:05:50.980+0000] {processor.py:925} INFO - DAG(s) 'weather_etl_daily' retrieved from /opt/airflow/dags/weather_etl_dag.py
[2026-02-26T05:05:51.033+0000] {logging_mixin.py:190} INFO - [2026-02-26T05:05:51.033+0000] {dag.py:3239} INFO - Sync 1 DAGs
[2026-02-26T05:05:51.066+0000] {logging_mixin.py:190} INFO - [2026-02-26T05:05:51.066+0000] {dag.py:4180} INFO - Setting next_dagrun for weather_etl_daily to 2026-02-26 03:00:00+00:00, run_after=2026-02-26 06:00:00+00:00
[2026-02-26T05:05:51.087+0000] {processor.py:208} INFO - Processing /opt/airflow/dags/weather_etl_dag.py took 0.604 seconds
[2026-02-26T05:06:21.914+0000] {processor.py:186} INFO - Started process (PID=2428) to work on /opt/airflow/dags/weather_etl_dag.py
[2026-02-26T05:06:21.915+0000] {processor.py:914} INFO - Processing file /opt/airflow/dags/weather_etl_dag.py for tasks to queue
[2026-02-26T05:06:21.916+0000] {logging_mixin.py:190} INFO - [2026-02-26T05:06:21.916+0000] {dagbag.py:588} INFO - Filling up the DagBag from /opt/airflow/dags/weather_etl_dag.py
[2026-02-26T05:06:22.353+0000] {processor.py:925} INFO - DAG(s) 'weather_etl_daily' retrieved from /opt/airflow/dags/weather_etl_dag.py
[2026-02-26T05:06:22.397+0000] {logging_mixin.py:190} INFO - [2026-02-26T05:06:22.396+0000] {dag.py:3239} INFO - Sync 1 DAGs
[2026-02-26T05:06:22.428+0000] {logging_mixin.py:190} INFO - [2026-02-26T05:06:22.428+0000] {dag.py:4180} INFO - Setting next_dagrun for weather_etl_daily to 2026-02-26 03:00:00+00:00, run_after=2026-02-26 06:00:00+00:00
[2026-02-26T05:06:22.448+0000] {processor.py:208} INFO - Processing /opt/airflow/dags/weather_etl_dag.py took 0.543 seconds
[2026-02-26T05:06:53.317+0000] {processor.py:186} INFO - Started process (PID=2446) to work on /opt/airflow/dags/weather_etl_dag.py
[2026-02-26T05:06:53.319+0000] {processor.py:914} INFO - Processing file /opt/airflow/dags/weather_etl_dag.py for tasks to queue
[2026-02-26T05:06:53.320+0000] {logging_mixin.py:190} INFO - [2026-02-26T05:06:53.320+0000] {dagbag.py:588} INFO - Filling up the DagBag from /opt/airflow/dags/weather_etl_dag.py
[2026-02-26T05:06:53.760+0000] {processor.py:925} INFO - DAG(s) 'weather_etl_daily' retrieved from /opt/airflow/dags/weather_etl_dag.py
[2026-02-26T05:06:53.808+0000] {logging_mixin.py:190} INFO - [2026-02-26T05:06:53.807+0000] {dag.py:3239} INFO - Sync 1 DAGs
[2026-02-26T05:06:53.838+0000] {logging_mixin.py:190} INFO - [2026-02-26T05:06:53.838+0000] {dag.py:4180} INFO - Setting next_dagrun for weather_etl_daily to 2026-02-26 03:00:00+00:00, run_after=2026-02-26 06:00:00+00:00
[2026-02-26T05:06:53.857+0000] {processor.py:208} INFO - Processing /opt/airflow/dags/weather_etl_dag.py took 0.550 seconds
[2026-02-26T05:07:23.913+0000] {processor.py:186} INFO - Started process (PID=2464) to work on /opt/airflow/dags/weather_etl_dag.py
[2026-02-26T05:07:23.915+0000] {processor.py:914} INFO - Processing file /opt/airflow/dags/weather_etl_dag.py for tasks to queue
[2026-02-26T05:07:23.916+0000] {logging_mixin.py:190} INFO - [2026-02-26T05:07:23.916+0000] {dagbag.py:588} INFO - Filling up the DagBag from /opt/airflow/dags/weather_etl_dag.py
[2026-02-26T05:07:24.358+0000] {processor.py:925} INFO - DAG(s) 'weather_etl_daily' retrieved from /opt/airflow/dags/weather_etl_dag.py
[2026-02-26T05:07:24.414+0000] {logging_mixin.py:190} INFO - [2026-02-26T05:07:24.413+0000] {dag.py:3239} INFO - Sync 1 DAGs
[2026-02-26T05:07:24.444+0000] {logging_mixin.py:190} INFO - [2026-02-26T05:07:24.444+0000] {dag.py:4180} INFO - Setting next_dagrun for weather_etl_daily to 2026-02-26 03:00:00+00:00, run_after=2026-02-26 06:00:00+00:00
[2026-02-26T05:07:24.464+0000] {processor.py:208} INFO - Processing /opt/airflow/dags/weather_etl_dag.py took 0.560 seconds
[2026-02-26T05:07:55.184+0000] {processor.py:186} INFO - Started process (PID=2482) to work on /opt/airflow/dags/weather_etl_dag.py
[2026-02-26T05:07:55.186+0000] {processor.py:914} INFO - Processing file /opt/airflow/dags/weather_etl_dag.py for tasks to queue
[2026-02-26T05:07:55.188+0000] {logging_mixin.py:190} INFO - [2026-02-26T05:07:55.187+0000] {dagbag.py:588} INFO - Filling up the DagBag from /opt/airflow/dags/weather_etl_dag.py
[2026-02-26T05:07:55.613+0000] {processor.py:925} INFO - DAG(s) 'weather_etl_daily' retrieved from /opt/airflow/dags/weather_etl_dag.py
[2026-02-26T05:07:55.655+0000] {logging_mixin.py:190} INFO - [2026-02-26T05:07:55.654+0000] {dag.py:3239} INFO - Sync 1 DAGs
[2026-02-26T05:07:55.685+0000] {logging_mixin.py:190} INFO - [2026-02-26T05:07:55.685+0000] {dag.py:4180} INFO - Setting next_dagrun for weather_etl_daily to 2026-02-26 03:00:00+00:00, run_after=2026-02-26 06:00:00+00:00
[2026-02-26T05:07:55.704+0000] {processor.py:208} INFO - Processing /opt/airflow/dags/weather_etl_dag.py took 0.530 seconds
[2026-02-26T05:08:26.605+0000] {processor.py:186} INFO - Started process (PID=2500) to work on /opt/airflow/dags/weather_etl_dag.py
[2026-02-26T05:08:26.607+0000] {processor.py:914} INFO - Processing file /opt/airflow/dags/weather_etl_dag.py for tasks to queue
[2026-02-26T05:08:26.608+0000] {logging_mixin.py:190} INFO - [2026-02-26T05:08:26.608+0000] {dagbag.py:588} INFO - Filling up the DagBag from /opt/airflow/dags/weather_etl_dag.py
[2026-02-26T05:08:27.058+0000] {processor.py:925} INFO - DAG(s) 'weather_etl_daily' retrieved from /opt/airflow/dags/weather_etl_dag.py
[2026-02-26T05:08:27.098+0000] {logging_mixin.py:190} INFO - [2026-02-26T05:08:27.098+0000] {dag.py:3239} INFO - Sync 1 DAGs
[2026-02-26T05:08:27.130+0000] {logging_mixin.py:190} INFO - [2026-02-26T05:08:27.130+0000] {dag.py:4180} INFO - Setting next_dagrun for weather_etl_daily to 2026-02-26 03:00:00+00:00, run_after=2026-02-26 06:00:00+00:00
[2026-02-26T05:08:27.149+0000] {processor.py:208} INFO - Processing /opt/airflow/dags/weather_etl_dag.py took 0.555 seconds
[2026-02-26T05:08:58.030+0000] {processor.py:186} INFO - Started process (PID=2518) to work on /opt/airflow/dags/weather_etl_dag.py
[2026-02-26T05:08:58.033+0000] {processor.py:914} INFO - Processing file /opt/airflow/dags/weather_etl_dag.py for tasks to queue
[2026-02-26T05:08:58.034+0000] {logging_mixin.py:190} INFO - [2026-02-26T05:08:58.034+0000] {dagbag.py:588} INFO - Filling up the DagBag from /opt/airflow/dags/weather_etl_dag.py
[2026-02-26T05:08:58.480+0000] {processor.py:925} INFO - DAG(s) 'weather_etl_daily' retrieved from /opt/airflow/dags/weather_etl_dag.py
[2026-02-26T05:08:58.522+0000] {logging_mixin.py:190} INFO - [2026-02-26T05:08:58.520+0000] {dag.py:3239} INFO - Sync 1 DAGs
[2026-02-26T05:08:58.552+0000] {logging_mixin.py:190} INFO - [2026-02-26T05:08:58.551+0000] {dag.py:4180} INFO - Setting next_dagrun for weather_etl_daily to 2026-02-26 03:00:00+00:00, run_after=2026-02-26 06:00:00+00:00
[2026-02-26T05:08:58.569+0000] {processor.py:208} INFO - Processing /opt/airflow/dags/weather_etl_dag.py took 0.549 seconds
[2026-02-26T05:09:29.478+0000] {processor.py:186} INFO - Started process (PID=2536) to work on /opt/airflow/dags/weather_etl_dag.py
[2026-02-26T05:09:29.480+0000] {processor.py:914} INFO - Processing file /opt/airflow/dags/weather_etl_dag.py for tasks to queue
[2026-02-26T05:09:29.482+0000] {logging_mixin.py:190} INFO - [2026-02-26T05:09:29.481+0000] {dagbag.py:588} INFO - Filling up the DagBag from /opt/airflow/dags/weather_etl_dag.py
[2026-02-26T05:09:29.955+0000] {processor.py:925} INFO - DAG(s) 'weather_etl_daily' retrieved from /opt/airflow/dags/weather_etl_dag.py
[2026-02-26T05:09:30.012+0000] {logging_mixin.py:190} INFO - [2026-02-26T05:09:30.011+0000] {dag.py:3239} INFO - Sync 1 DAGs
[2026-02-26T05:09:30.053+0000] {logging_mixin.py:190} INFO - [2026-02-26T05:09:30.052+0000] {dag.py:4180} INFO - Setting next_dagrun for weather_etl_daily to 2026-02-26 03:00:00+00:00, run_after=2026-02-26 06:00:00+00:00
[2026-02-26T05:09:30.069+0000] {processor.py:208} INFO - Processing /opt/airflow/dags/weather_etl_dag.py took 0.601 seconds
[2026-02-26T05:10:00.889+0000] {processor.py:186} INFO - Started process (PID=2554) to work on /opt/airflow/dags/weather_etl_dag.py
[2026-02-26T05:10:00.891+0000] {processor.py:914} INFO - Processing file /opt/airflow/dags/weather_etl_dag.py for tasks to queue
[2026-02-26T05:10:00.892+0000] {logging_mixin.py:190} INFO - [2026-02-26T05:10:00.892+0000] {dagbag.py:588} INFO - Filling up the DagBag from /opt/airflow/dags/weather_etl_dag.py
[2026-02-26T05:10:01.339+0000] {processor.py:925} INFO - DAG(s) 'weather_etl_daily' retrieved from /opt/airflow/dags/weather_etl_dag.py
[2026-02-26T05:10:01.397+0000] {logging_mixin.py:190} INFO - [2026-02-26T05:10:01.396+0000] {dag.py:3239} INFO - Sync 1 DAGs
[2026-02-26T05:10:01.423+0000] {logging_mixin.py:190} INFO - [2026-02-26T05:10:01.423+0000] {dag.py:4180} INFO - Setting next_dagrun for weather_etl_daily to 2026-02-26 03:00:00+00:00, run_after=2026-02-26 06:00:00+00:00
[2026-02-26T05:10:01.440+0000] {processor.py:208} INFO - Processing /opt/airflow/dags/weather_etl_dag.py took 0.562 seconds
[2026-02-26T05:10:32.319+0000] {processor.py:186} INFO - Started process (PID=2572) to work on /opt/airflow/dags/weather_etl_dag.py
[2026-02-26T05:10:32.320+0000] {processor.py:914} INFO - Processing file /opt/airflow/dags/weather_etl_dag.py for tasks to queue
[2026-02-26T05:10:32.322+0000] {logging_mixin.py:190} INFO - [2026-02-26T05:10:32.321+0000] {dagbag.py:588} INFO - Filling up the DagBag from /opt/airflow/dags/weather_etl_dag.py
[2026-02-26T05:10:32.745+0000] {processor.py:925} INFO - DAG(s) 'weather_etl_daily' retrieved from /opt/airflow/dags/weather_etl_dag.py
[2026-02-26T05:10:32.800+0000] {logging_mixin.py:190} INFO - [2026-02-26T05:10:32.800+0000] {dag.py:3239} INFO - Sync 1 DAGs
[2026-02-26T05:10:32.835+0000] {logging_mixin.py:190} INFO - [2026-02-26T05:10:32.835+0000] {dag.py:4180} INFO - Setting next_dagrun for weather_etl_daily to 2026-02-26 03:00:00+00:00, run_after=2026-02-26 06:00:00+00:00
[2026-02-26T05:10:32.860+0000] {processor.py:208} INFO - Processing /opt/airflow/dags/weather_etl_dag.py took 0.555 seconds
[2026-02-26T05:11:03.768+0000] {processor.py:186} INFO - Started process (PID=2590) to work on /opt/airflow/dags/weather_etl_dag.py
[2026-02-26T05:11:03.769+0000] {processor.py:914} INFO - Processing file /opt/airflow/dags/weather_etl_dag.py for tasks to queue
[2026-02-26T05:11:03.771+0000] {logging_mixin.py:190} INFO - [2026-02-26T05:11:03.770+0000] {dagbag.py:588} INFO - Filling up the DagBag from /opt/airflow/dags/weather_etl_dag.py
[2026-02-26T05:11:04.213+0000] {processor.py:925} INFO - DAG(s) 'weather_etl_daily' retrieved from /opt/airflow/dags/weather_etl_dag.py
[2026-02-26T05:11:04.257+0000] {logging_mixin.py:190} INFO - [2026-02-26T05:11:04.256+0000] {dag.py:3239} INFO - Sync 1 DAGs
[2026-02-26T05:11:04.285+0000] {logging_mixin.py:190} INFO - [2026-02-26T05:11:04.285+0000] {dag.py:4180} INFO - Setting next_dagrun for weather_etl_daily to 2026-02-26 03:00:00+00:00, run_after=2026-02-26 06:00:00+00:00
[2026-02-26T05:11:04.301+0000] {processor.py:208} INFO - Processing /opt/airflow/dags/weather_etl_dag.py took 0.554 seconds
[2026-02-26T05:11:35.147+0000] {processor.py:186} INFO - Started process (PID=2608) to work on /opt/airflow/dags/weather_etl_dag.py
[2026-02-26T05:11:35.148+0000] {processor.py:914} INFO - Processing file /opt/airflow/dags/weather_etl_dag.py for tasks to queue
[2026-02-26T05:11:35.150+0000] {logging_mixin.py:190} INFO - [2026-02-26T05:11:35.149+0000] {dagbag.py:588} INFO - Filling up the DagBag from /opt/airflow/dags/weather_etl_dag.py
[2026-02-26T05:11:35.615+0000] {processor.py:925} INFO - DAG(s) 'weather_etl_daily' retrieved from /opt/airflow/dags/weather_etl_dag.py
[2026-02-26T05:11:35.659+0000] {logging_mixin.py:190} INFO - [2026-02-26T05:11:35.657+0000] {dag.py:3239} INFO - Sync 1 DAGs
[2026-02-26T05:11:35.689+0000] {logging_mixin.py:190} INFO - [2026-02-26T05:11:35.689+0000] {dag.py:4180} INFO - Setting next_dagrun for weather_etl_daily to 2026-02-26 03:00:00+00:00, run_after=2026-02-26 06:00:00+00:00
[2026-02-26T05:11:35.708+0000] {processor.py:208} INFO - Processing /opt/airflow/dags/weather_etl_dag.py took 0.570 seconds
[2026-02-26T05:12:06.587+0000] {processor.py:186} INFO - Started process (PID=2626) to work on /opt/airflow/dags/weather_etl_dag.py
[2026-02-26T05:12:06.588+0000] {processor.py:914} INFO - Processing file /opt/airflow/dags/weather_etl_dag.py for tasks to queue
[2026-02-26T05:12:06.590+0000] {logging_mixin.py:190} INFO - [2026-02-26T05:12:06.589+0000] {dagbag.py:588} INFO - Filling up the DagBag from /opt/airflow/dags/weather_etl_dag.py
[2026-02-26T05:12:07.049+0000] {processor.py:925} INFO - DAG(s) 'weather_etl_daily' retrieved from /opt/airflow/dags/weather_etl_dag.py
[2026-02-26T05:12:07.094+0000] {logging_mixin.py:190} INFO - [2026-02-26T05:12:07.094+0000] {dag.py:3239} INFO - Sync 1 DAGs
[2026-02-26T05:12:07.126+0000] {logging_mixin.py:190} INFO - [2026-02-26T05:12:07.125+0000] {dag.py:4180} INFO - Setting next_dagrun for weather_etl_daily to 2026-02-26 03:00:00+00:00, run_after=2026-02-26 06:00:00+00:00
[2026-02-26T05:12:07.146+0000] {processor.py:208} INFO - Processing /opt/airflow/dags/weather_etl_dag.py took 0.569 seconds
[2026-02-26T05:12:38.008+0000] {processor.py:186} INFO - Started process (PID=2644) to work on /opt/airflow/dags/weather_etl_dag.py
[2026-02-26T05:12:38.010+0000] {processor.py:914} INFO - Processing file /opt/airflow/dags/weather_etl_dag.py for tasks to queue
[2026-02-26T05:12:38.011+0000] {logging_mixin.py:190} INFO - [2026-02-26T05:12:38.011+0000] {dagbag.py:588} INFO - Filling up the DagBag from /opt/airflow/dags/weather_etl_dag.py
[2026-02-26T05:12:38.430+0000] {processor.py:925} INFO - DAG(s) 'weather_etl_daily' retrieved from /opt/airflow/dags/weather_etl_dag.py
[2026-02-26T05:12:38.474+0000] {logging_mixin.py:190} INFO - [2026-02-26T05:12:38.473+0000] {dag.py:3239} INFO - Sync 1 DAGs
[2026-02-26T05:12:38.505+0000] {logging_mixin.py:190} INFO - [2026-02-26T05:12:38.505+0000] {dag.py:4180} INFO - Setting next_dagrun for weather_etl_daily to 2026-02-26 03:00:00+00:00, run_after=2026-02-26 06:00:00+00:00
[2026-02-26T05:12:38.527+0000] {processor.py:208} INFO - Processing /opt/airflow/dags/weather_etl_dag.py took 0.529 seconds
[2026-02-26T05:13:09.469+0000] {processor.py:186} INFO - Started process (PID=2662) to work on /opt/airflow/dags/weather_etl_dag.py
[2026-02-26T05:13:09.470+0000] {processor.py:914} INFO - Processing file /opt/airflow/dags/weather_etl_dag.py for tasks to queue
[2026-02-26T05:13:09.472+0000] {logging_mixin.py:190} INFO - [2026-02-26T05:13:09.472+0000] {dagbag.py:588} INFO - Filling up the DagBag from /opt/airflow/dags/weather_etl_dag.py
[2026-02-26T05:13:09.932+0000] {processor.py:925} INFO - DAG(s) 'weather_etl_daily' retrieved from /opt/airflow/dags/weather_etl_dag.py
[2026-02-26T05:13:09.977+0000] {logging_mixin.py:190} INFO - [2026-02-26T05:13:09.977+0000] {dag.py:3239} INFO - Sync 1 DAGs
[2026-02-26T05:13:10.011+0000] {logging_mixin.py:190} INFO - [2026-02-26T05:13:10.011+0000] {dag.py:4180} INFO - Setting next_dagrun for weather_etl_daily to 2026-02-26 03:00:00+00:00, run_after=2026-02-26 06:00:00+00:00
[2026-02-26T05:13:10.031+0000] {processor.py:208} INFO - Processing /opt/airflow/dags/weather_etl_dag.py took 0.573 seconds
[2026-02-26T05:13:40.873+0000] {processor.py:186} INFO - Started process (PID=2680) to work on /opt/airflow/dags/weather_etl_dag.py
[2026-02-26T05:13:40.874+0000] {processor.py:914} INFO - Processing file /opt/airflow/dags/weather_etl_dag.py for tasks to queue
[2026-02-26T05:13:40.876+0000] {logging_mixin.py:190} INFO - [2026-02-26T05:13:40.875+0000] {dagbag.py:588} INFO - Filling up the DagBag from /opt/airflow/dags/weather_etl_dag.py
[2026-02-26T05:13:41.347+0000] {processor.py:925} INFO - DAG(s) 'weather_etl_daily' retrieved from /opt/airflow/dags/weather_etl_dag.py
[2026-02-26T05:13:41.391+0000] {logging_mixin.py:190} INFO - [2026-02-26T05:13:41.391+0000] {dag.py:3239} INFO - Sync 1 DAGs
[2026-02-26T05:13:41.425+0000] {logging_mixin.py:190} INFO - [2026-02-26T05:13:41.425+0000] {dag.py:4180} INFO - Setting next_dagrun for weather_etl_daily to 2026-02-26 03:00:00+00:00, run_after=2026-02-26 06:00:00+00:00
[2026-02-26T05:13:41.446+0000] {processor.py:208} INFO - Processing /opt/airflow/dags/weather_etl_dag.py took 0.583 seconds
[2026-02-26T05:14:12.273+0000] {processor.py:186} INFO - Started process (PID=2698) to work on /opt/airflow/dags/weather_etl_dag.py
[2026-02-26T05:14:12.275+0000] {processor.py:914} INFO - Processing file /opt/airflow/dags/weather_etl_dag.py for tasks to queue
[2026-02-26T05:14:12.276+0000] {logging_mixin.py:190} INFO - [2026-02-26T05:14:12.276+0000] {dagbag.py:588} INFO - Filling up the DagBag from /opt/airflow/dags/weather_etl_dag.py
[2026-02-26T05:14:12.721+0000] {processor.py:925} INFO - DAG(s) 'weather_etl_daily' retrieved from /opt/airflow/dags/weather_etl_dag.py
[2026-02-26T05:14:12.768+0000] {logging_mixin.py:190} INFO - [2026-02-26T05:14:12.767+0000] {dag.py:3239} INFO - Sync 1 DAGs
[2026-02-26T05:14:12.799+0000] {logging_mixin.py:190} INFO - [2026-02-26T05:14:12.798+0000] {dag.py:4180} INFO - Setting next_dagrun for weather_etl_daily to 2026-02-26 03:00:00+00:00, run_after=2026-02-26 06:00:00+00:00
[2026-02-26T05:14:12.817+0000] {processor.py:208} INFO - Processing /opt/airflow/dags/weather_etl_dag.py took 0.553 seconds
[2026-02-26T05:14:43.694+0000] {processor.py:186} INFO - Started process (PID=2716) to work on /opt/airflow/dags/weather_etl_dag.py
[2026-02-26T05:14:43.695+0000] {processor.py:914} INFO - Processing file /opt/airflow/dags/weather_etl_dag.py for tasks to queue
[2026-02-26T05:14:43.697+0000] {logging_mixin.py:190} INFO - [2026-02-26T05:14:43.696+0000] {dagbag.py:588} INFO - Filling up the DagBag from /opt/airflow/dags/weather_etl_dag.py
[2026-02-26T05:14:44.137+0000] {processor.py:925} INFO - DAG(s) 'weather_etl_daily' retrieved from /opt/airflow/dags/weather_etl_dag.py
[2026-02-26T05:14:44.193+0000] {logging_mixin.py:190} INFO - [2026-02-26T05:14:44.192+0000] {dag.py:3239} INFO - Sync 1 DAGs
[2026-02-26T05:14:44.225+0000] {logging_mixin.py:190} INFO - [2026-02-26T05:14:44.225+0000] {dag.py:4180} INFO - Setting next_dagrun for weather_etl_daily to 2026-02-26 03:00:00+00:00, run_after=2026-02-26 06:00:00+00:00
[2026-02-26T05:14:44.247+0000] {processor.py:208} INFO - Processing /opt/airflow/dags/weather_etl_dag.py took 0.563 seconds
[2026-02-26T05:15:15.087+0000] {processor.py:186} INFO - Started process (PID=2734) to work on /opt/airflow/dags/weather_etl_dag.py
[2026-02-26T05:15:15.088+0000] {processor.py:914} INFO - Processing file /opt/airflow/dags/weather_etl_dag.py for tasks to queue
[2026-02-26T05:15:15.090+0000] {logging_mixin.py:190} INFO - [2026-02-26T05:15:15.089+0000] {dagbag.py:588} INFO - Filling up the DagBag from /opt/airflow/dags/weather_etl_dag.py
[2026-02-26T05:15:15.539+0000] {processor.py:925} INFO - DAG(s) 'weather_etl_daily' retrieved from /opt/airflow/dags/weather_etl_dag.py
[2026-02-26T05:15:15.582+0000] {logging_mixin.py:190} INFO - [2026-02-26T05:15:15.581+0000] {dag.py:3239} INFO - Sync 1 DAGs
[2026-02-26T05:15:15.621+0000] {logging_mixin.py:190} INFO - [2026-02-26T05:15:15.621+0000] {dag.py:4180} INFO - Setting next_dagrun for weather_etl_daily to 2026-02-26 03:00:00+00:00, run_after=2026-02-26 06:00:00+00:00
[2026-02-26T05:15:15.646+0000] {processor.py:208} INFO - Processing /opt/airflow/dags/weather_etl_dag.py took 0.569 seconds
[2026-02-26T05:15:46.482+0000] {processor.py:186} INFO - Started process (PID=2752) to work on /opt/airflow/dags/weather_etl_dag.py
[2026-02-26T05:15:46.484+0000] {processor.py:914} INFO - Processing file /opt/airflow/dags/weather_etl_dag.py for tasks to queue
[2026-02-26T05:15:46.486+0000] {logging_mixin.py:190} INFO - [2026-02-26T05:15:46.485+0000] {dagbag.py:588} INFO - Filling up the DagBag from /opt/airflow/dags/weather_etl_dag.py
[2026-02-26T05:15:46.932+0000] {processor.py:925} INFO - DAG(s) 'weather_etl_daily' retrieved from /opt/airflow/dags/weather_etl_dag.py
[2026-02-26T05:15:46.969+0000] {logging_mixin.py:190} INFO - [2026-02-26T05:15:46.969+0000] {dag.py:3239} INFO - Sync 1 DAGs
[2026-02-26T05:15:47.002+0000] {logging_mixin.py:190} INFO - [2026-02-26T05:15:47.001+0000] {dag.py:4180} INFO - Setting next_dagrun for weather_etl_daily to 2026-02-26 03:00:00+00:00, run_after=2026-02-26 06:00:00+00:00
[2026-02-26T05:15:47.022+0000] {processor.py:208} INFO - Processing /opt/airflow/dags/weather_etl_dag.py took 0.550 seconds
[2026-02-26T05:16:17.930+0000] {processor.py:186} INFO - Started process (PID=2773) to work on /opt/airflow/dags/weather_etl_dag.py
[2026-02-26T05:16:17.932+0000] {processor.py:914} INFO - Processing file /opt/airflow/dags/weather_etl_dag.py for tasks to queue
[2026-02-26T05:16:17.933+0000] {logging_mixin.py:190} INFO - [2026-02-26T05:16:17.933+0000] {dagbag.py:588} INFO - Filling up the DagBag from /opt/airflow/dags/weather_etl_dag.py
[2026-02-26T05:16:18.373+0000] {processor.py:925} INFO - DAG(s) 'weather_etl_daily' retrieved from /opt/airflow/dags/weather_etl_dag.py
[2026-02-26T05:16:18.415+0000] {logging_mixin.py:190} INFO - [2026-02-26T05:16:18.414+0000] {dag.py:3239} INFO - Sync 1 DAGs
[2026-02-26T05:16:18.445+0000] {logging_mixin.py:190} INFO - [2026-02-26T05:16:18.444+0000] {dag.py:4180} INFO - Setting next_dagrun for weather_etl_daily to 2026-02-26 03:00:00+00:00, run_after=2026-02-26 06:00:00+00:00
[2026-02-26T05:16:18.473+0000] {processor.py:208} INFO - Processing /opt/airflow/dags/weather_etl_dag.py took 0.555 seconds
[2026-02-26T05:16:49.353+0000] {processor.py:186} INFO - Started process (PID=2793) to work on /opt/airflow/dags/weather_etl_dag.py
[2026-02-26T05:16:49.355+0000] {processor.py:914} INFO - Processing file /opt/airflow/dags/weather_etl_dag.py for tasks to queue
[2026-02-26T05:16:49.356+0000] {logging_mixin.py:190} INFO - [2026-02-26T05:16:49.356+0000] {dagbag.py:588} INFO - Filling up the DagBag from /opt/airflow/dags/weather_etl_dag.py
[2026-02-26T05:16:49.797+0000] {processor.py:925} INFO - DAG(s) 'weather_etl_daily' retrieved from /opt/airflow/dags/weather_etl_dag.py
[2026-02-26T05:16:49.838+0000] {logging_mixin.py:190} INFO - [2026-02-26T05:16:49.838+0000] {dag.py:3239} INFO - Sync 1 DAGs
[2026-02-26T05:16:49.863+0000] {logging_mixin.py:190} INFO - [2026-02-26T05:16:49.863+0000] {dag.py:4180} INFO - Setting next_dagrun for weather_etl_daily to 2026-02-26 03:00:00+00:00, run_after=2026-02-26 06:00:00+00:00
[2026-02-26T05:16:49.881+0000] {processor.py:208} INFO - Processing /opt/airflow/dags/weather_etl_dag.py took 0.537 seconds
[2026-02-26T05:17:20.839+0000] {processor.py:186} INFO - Started process (PID=2811) to work on /opt/airflow/dags/weather_etl_dag.py
[2026-02-26T05:17:20.840+0000] {processor.py:914} INFO - Processing file /opt/airflow/dags/weather_etl_dag.py for tasks to queue
[2026-02-26T05:17:20.842+0000] {logging_mixin.py:190} INFO - [2026-02-26T05:17:20.841+0000] {dagbag.py:588} INFO - Filling up the DagBag from /opt/airflow/dags/weather_etl_dag.py
[2026-02-26T05:17:21.287+0000] {processor.py:925} INFO - DAG(s) 'weather_etl_daily' retrieved from /opt/airflow/dags/weather_etl_dag.py
[2026-02-26T05:17:21.330+0000] {logging_mixin.py:190} INFO - [2026-02-26T05:17:21.329+0000] {dag.py:3239} INFO - Sync 1 DAGs
[2026-02-26T05:17:21.360+0000] {logging_mixin.py:190} INFO - [2026-02-26T05:17:21.359+0000] {dag.py:4180} INFO - Setting next_dagrun for weather_etl_daily to 2026-02-26 03:00:00+00:00, run_after=2026-02-26 06:00:00+00:00
[2026-02-26T05:17:21.379+0000] {processor.py:208} INFO - Processing /opt/airflow/dags/weather_etl_dag.py took 0.551 seconds
[2026-02-26T05:17:52.215+0000] {processor.py:186} INFO - Started process (PID=2829) to work on /opt/airflow/dags/weather_etl_dag.py
[2026-02-26T05:17:52.216+0000] {processor.py:914} INFO - Processing file /opt/airflow/dags/weather_etl_dag.py for tasks to queue
[2026-02-26T05:17:52.217+0000] {logging_mixin.py:190} INFO - [2026-02-26T05:17:52.217+0000] {dagbag.py:588} INFO - Filling up the DagBag from /opt/airflow/dags/weather_etl_dag.py
[2026-02-26T05:17:52.631+0000] {processor.py:925} INFO - DAG(s) 'weather_etl_daily' retrieved from /opt/airflow/dags/weather_etl_dag.py
[2026-02-26T05:17:52.678+0000] {logging_mixin.py:190} INFO - [2026-02-26T05:17:52.678+0000] {dag.py:3239} INFO - Sync 1 DAGs
[2026-02-26T05:17:52.710+0000] {logging_mixin.py:190} INFO - [2026-02-26T05:17:52.709+0000] {dag.py:4180} INFO - Setting next_dagrun for weather_etl_daily to 2026-02-26 03:00:00+00:00, run_after=2026-02-26 06:00:00+00:00
[2026-02-26T05:17:52.731+0000] {processor.py:208} INFO - Processing /opt/airflow/dags/weather_etl_dag.py took 0.527 seconds
[2026-02-26T05:18:23.642+0000] {processor.py:186} INFO - Started process (PID=2847) to work on /opt/airflow/dags/weather_etl_dag.py
[2026-02-26T05:18:23.644+0000] {processor.py:914} INFO - Processing file /opt/airflow/dags/weather_etl_dag.py for tasks to queue
[2026-02-26T05:18:23.645+0000] {logging_mixin.py:190} INFO - [2026-02-26T05:18:23.645+0000] {dagbag.py:588} INFO - Filling up the DagBag from /opt/airflow/dags/weather_etl_dag.py
[2026-02-26T05:18:24.051+0000] {processor.py:925} INFO - DAG(s) 'weather_etl_daily' retrieved from /opt/airflow/dags/weather_etl_dag.py
[2026-02-26T05:18:24.087+0000] {logging_mixin.py:190} INFO - [2026-02-26T05:18:24.086+0000] {dag.py:3239} INFO - Sync 1 DAGs
[2026-02-26T05:18:24.117+0000] {logging_mixin.py:190} INFO - [2026-02-26T05:18:24.117+0000] {dag.py:4180} INFO - Setting next_dagrun for weather_etl_daily to 2026-02-26 03:00:00+00:00, run_after=2026-02-26 06:00:00+00:00
[2026-02-26T05:18:24.136+0000] {processor.py:208} INFO - Processing /opt/airflow/dags/weather_etl_dag.py took 0.504 seconds
[2026-02-26T05:18:54.197+0000] {processor.py:186} INFO - Started process (PID=2865) to work on /opt/airflow/dags/weather_etl_dag.py
[2026-02-26T05:18:54.198+0000] {processor.py:914} INFO - Processing file /opt/airflow/dags/weather_etl_dag.py for tasks to queue
[2026-02-26T05:18:54.200+0000] {logging_mixin.py:190} INFO - [2026-02-26T05:18:54.199+0000] {dagbag.py:588} INFO - Filling up the DagBag from /opt/airflow/dags/weather_etl_dag.py
[2026-02-26T05:18:54.595+0000] {processor.py:925} INFO - DAG(s) 'weather_etl_daily' retrieved from /opt/airflow/dags/weather_etl_dag.py
[2026-02-26T05:18:54.637+0000] {logging_mixin.py:190} INFO - [2026-02-26T05:18:54.637+0000] {dag.py:3239} INFO - Sync 1 DAGs
[2026-02-26T05:18:54.662+0000] {logging_mixin.py:190} INFO - [2026-02-26T05:18:54.662+0000] {dag.py:4180} INFO - Setting next_dagrun for weather_etl_daily to 2026-02-26 03:00:00+00:00, run_after=2026-02-26 06:00:00+00:00
[2026-02-26T05:18:54.677+0000] {processor.py:208} INFO - Processing /opt/airflow/dags/weather_etl_dag.py took 0.490 seconds
[2026-02-26T05:19:25.488+0000] {processor.py:186} INFO - Started process (PID=2883) to work on /opt/airflow/dags/weather_etl_dag.py
[2026-02-26T05:19:25.489+0000] {processor.py:914} INFO - Processing file /opt/airflow/dags/weather_etl_dag.py for tasks to queue
[2026-02-26T05:19:25.491+0000] {logging_mixin.py:190} INFO - [2026-02-26T05:19:25.490+0000] {dagbag.py:588} INFO - Filling up the DagBag from /opt/airflow/dags/weather_etl_dag.py
[2026-02-26T05:19:25.884+0000] {processor.py:925} INFO - DAG(s) 'weather_etl_daily' retrieved from /opt/airflow/dags/weather_etl_dag.py
[2026-02-26T05:19:25.930+0000] {logging_mixin.py:190} INFO - [2026-02-26T05:19:25.930+0000] {dag.py:3239} INFO - Sync 1 DAGs
[2026-02-26T05:19:25.962+0000] {logging_mixin.py:190} INFO - [2026-02-26T05:19:25.962+0000] {dag.py:4180} INFO - Setting next_dagrun for weather_etl_daily to 2026-02-26 03:00:00+00:00, run_after=2026-02-26 06:00:00+00:00
[2026-02-26T05:19:25.982+0000] {processor.py:208} INFO - Processing /opt/airflow/dags/weather_etl_dag.py took 0.506 seconds
[2026-02-26T05:19:56.070+0000] {processor.py:186} INFO - Started process (PID=2901) to work on /opt/airflow/dags/weather_etl_dag.py
[2026-02-26T05:19:56.072+0000] {processor.py:914} INFO - Processing file /opt/airflow/dags/weather_etl_dag.py for tasks to queue
[2026-02-26T05:19:56.073+0000] {logging_mixin.py:190} INFO - [2026-02-26T05:19:56.073+0000] {dagbag.py:588} INFO - Filling up the DagBag from /opt/airflow/dags/weather_etl_dag.py
[2026-02-26T05:19:56.524+0000] {processor.py:925} INFO - DAG(s) 'weather_etl_daily' retrieved from /opt/airflow/dags/weather_etl_dag.py
[2026-02-26T05:19:56.569+0000] {logging_mixin.py:190} INFO - [2026-02-26T05:19:56.568+0000] {dag.py:3239} INFO - Sync 1 DAGs
[2026-02-26T05:19:56.599+0000] {logging_mixin.py:190} INFO - [2026-02-26T05:19:56.599+0000] {dag.py:4180} INFO - Setting next_dagrun for weather_etl_daily to 2026-02-26 03:00:00+00:00, run_after=2026-02-26 06:00:00+00:00
[2026-02-26T05:19:56.618+0000] {processor.py:208} INFO - Processing /opt/airflow/dags/weather_etl_dag.py took 0.558 seconds
[2026-02-26T05:20:27.336+0000] {processor.py:186} INFO - Started process (PID=2919) to work on /opt/airflow/dags/weather_etl_dag.py
[2026-02-26T05:20:27.338+0000] {processor.py:914} INFO - Processing file /opt/airflow/dags/weather_etl_dag.py for tasks to queue
[2026-02-26T05:20:27.339+0000] {logging_mixin.py:190} INFO - [2026-02-26T05:20:27.339+0000] {dagbag.py:588} INFO - Filling up the DagBag from /opt/airflow/dags/weather_etl_dag.py
[2026-02-26T05:20:27.794+0000] {processor.py:925} INFO - DAG(s) 'weather_etl_daily' retrieved from /opt/airflow/dags/weather_etl_dag.py
[2026-02-26T05:20:27.855+0000] {logging_mixin.py:190} INFO - [2026-02-26T05:20:27.855+0000] {dag.py:3239} INFO - Sync 1 DAGs
[2026-02-26T05:20:27.891+0000] {logging_mixin.py:190} INFO - [2026-02-26T05:20:27.891+0000] {dag.py:4180} INFO - Setting next_dagrun for weather_etl_daily to 2026-02-26 03:00:00+00:00, run_after=2026-02-26 06:00:00+00:00
[2026-02-26T05:20:27.914+0000] {processor.py:208} INFO - Processing /opt/airflow/dags/weather_etl_dag.py took 0.588 seconds
[2026-02-26T05:20:58.780+0000] {processor.py:186} INFO - Started process (PID=2937) to work on /opt/airflow/dags/weather_etl_dag.py
[2026-02-26T05:20:58.782+0000] {processor.py:914} INFO - Processing file /opt/airflow/dags/weather_etl_dag.py for tasks to queue
[2026-02-26T05:20:58.784+0000] {logging_mixin.py:190} INFO - [2026-02-26T05:20:58.783+0000] {dagbag.py:588} INFO - Filling up the DagBag from /opt/airflow/dags/weather_etl_dag.py
[2026-02-26T05:20:59.266+0000] {processor.py:925} INFO - DAG(s) 'weather_etl_daily' retrieved from /opt/airflow/dags/weather_etl_dag.py
[2026-02-26T05:20:59.317+0000] {logging_mixin.py:190} INFO - [2026-02-26T05:20:59.316+0000] {dag.py:3239} INFO - Sync 1 DAGs
[2026-02-26T05:20:59.363+0000] {logging_mixin.py:190} INFO - [2026-02-26T05:20:59.363+0000] {dag.py:4180} INFO - Setting next_dagrun for weather_etl_daily to 2026-02-26 03:00:00+00:00, run_after=2026-02-26 06:00:00+00:00
[2026-02-26T05:20:59.390+0000] {processor.py:208} INFO - Processing /opt/airflow/dags/weather_etl_dag.py took 0.620 seconds
[2026-02-26T05:21:30.148+0000] {processor.py:186} INFO - Started process (PID=2955) to work on /opt/airflow/dags/weather_etl_dag.py
[2026-02-26T05:21:30.150+0000] {processor.py:914} INFO - Processing file /opt/airflow/dags/weather_etl_dag.py for tasks to queue
[2026-02-26T05:21:30.152+0000] {logging_mixin.py:190} INFO - [2026-02-26T05:21:30.151+0000] {dagbag.py:588} INFO - Filling up the DagBag from /opt/airflow/dags/weather_etl_dag.py
[2026-02-26T05:21:30.663+0000] {processor.py:925} INFO - DAG(s) 'weather_etl_daily' retrieved from /opt/airflow/dags/weather_etl_dag.py
[2026-02-26T05:21:30.705+0000] {logging_mixin.py:190} INFO - [2026-02-26T05:21:30.703+0000] {dag.py:3239} INFO - Sync 1 DAGs
[2026-02-26T05:21:30.737+0000] {logging_mixin.py:190} INFO - [2026-02-26T05:21:30.736+0000] {dag.py:4180} INFO - Setting next_dagrun for weather_etl_daily to 2026-02-26 03:00:00+00:00, run_after=2026-02-26 06:00:00+00:00
[2026-02-26T05:21:30.757+0000] {processor.py:208} INFO - Processing /opt/airflow/dags/weather_etl_dag.py took 0.619 seconds
[2026-02-26T05:22:01.541+0000] {processor.py:186} INFO - Started process (PID=2973) to work on /opt/airflow/dags/weather_etl_dag.py
[2026-02-26T05:22:01.542+0000] {processor.py:914} INFO - Processing file /opt/airflow/dags/weather_etl_dag.py for tasks to queue
[2026-02-26T05:22:01.544+0000] {logging_mixin.py:190} INFO - [2026-02-26T05:22:01.543+0000] {dagbag.py:588} INFO - Filling up the DagBag from /opt/airflow/dags/weather_etl_dag.py
[2026-02-26T05:22:02.004+0000] {processor.py:925} INFO - DAG(s) 'weather_etl_daily' retrieved from /opt/airflow/dags/weather_etl_dag.py
[2026-02-26T05:22:02.050+0000] {logging_mixin.py:190} INFO - [2026-02-26T05:22:02.049+0000] {dag.py:3239} INFO - Sync 1 DAGs
[2026-02-26T05:22:02.082+0000] {logging_mixin.py:190} INFO - [2026-02-26T05:22:02.081+0000] {dag.py:4180} INFO - Setting next_dagrun for weather_etl_daily to 2026-02-26 03:00:00+00:00, run_after=2026-02-26 06:00:00+00:00
[2026-02-26T05:22:02.105+0000] {processor.py:208} INFO - Processing /opt/airflow/dags/weather_etl_dag.py took 0.575 seconds
[2026-02-26T05:22:32.996+0000] {processor.py:186} INFO - Started process (PID=2991) to work on /opt/airflow/dags/weather_etl_dag.py
[2026-02-26T05:22:32.998+0000] {processor.py:914} INFO - Processing file /opt/airflow/dags/weather_etl_dag.py for tasks to queue
[2026-02-26T05:22:32.999+0000] {logging_mixin.py:190} INFO - [2026-02-26T05:22:32.999+0000] {dagbag.py:588} INFO - Filling up the DagBag from /opt/airflow/dags/weather_etl_dag.py
[2026-02-26T05:22:33.478+0000] {processor.py:925} INFO - DAG(s) 'weather_etl_daily' retrieved from /opt/airflow/dags/weather_etl_dag.py
[2026-02-26T05:22:33.521+0000] {logging_mixin.py:190} INFO - [2026-02-26T05:22:33.520+0000] {dag.py:3239} INFO - Sync 1 DAGs
[2026-02-26T05:22:33.551+0000] {logging_mixin.py:190} INFO - [2026-02-26T05:22:33.551+0000] {dag.py:4180} INFO - Setting next_dagrun for weather_etl_daily to 2026-02-26 03:00:00+00:00, run_after=2026-02-26 06:00:00+00:00
[2026-02-26T05:22:33.571+0000] {processor.py:208} INFO - Processing /opt/airflow/dags/weather_etl_dag.py took 0.585 seconds
[2026-02-26T05:23:04.368+0000] {processor.py:186} INFO - Started process (PID=3009) to work on /opt/airflow/dags/weather_etl_dag.py
[2026-02-26T05:23:04.370+0000] {processor.py:914} INFO - Processing file /opt/airflow/dags/weather_etl_dag.py for tasks to queue
[2026-02-26T05:23:04.371+0000] {logging_mixin.py:190} INFO - [2026-02-26T05:23:04.371+0000] {dagbag.py:588} INFO - Filling up the DagBag from /opt/airflow/dags/weather_etl_dag.py
[2026-02-26T05:23:04.801+0000] {processor.py:925} INFO - DAG(s) 'weather_etl_daily' retrieved from /opt/airflow/dags/weather_etl_dag.py
[2026-02-26T05:23:04.843+0000] {logging_mixin.py:190} INFO - [2026-02-26T05:23:04.842+0000] {dag.py:3239} INFO - Sync 1 DAGs
[2026-02-26T05:23:04.870+0000] {logging_mixin.py:190} INFO - [2026-02-26T05:23:04.869+0000] {dag.py:4180} INFO - Setting next_dagrun for weather_etl_daily to 2026-02-26 03:00:00+00:00, run_after=2026-02-26 06:00:00+00:00
[2026-02-26T05:23:04.888+0000] {processor.py:208} INFO - Processing /opt/airflow/dags/weather_etl_dag.py took 0.531 seconds
[2026-02-26T05:23:35.775+0000] {processor.py:186} INFO - Started process (PID=3027) to work on /opt/airflow/dags/weather_etl_dag.py
[2026-02-26T05:23:35.777+0000] {processor.py:914} INFO - Processing file /opt/airflow/dags/weather_etl_dag.py for tasks to queue
[2026-02-26T05:23:35.778+0000] {logging_mixin.py:190} INFO - [2026-02-26T05:23:35.778+0000] {dagbag.py:588} INFO - Filling up the DagBag from /opt/airflow/dags/weather_etl_dag.py
[2026-02-26T05:23:36.224+0000] {processor.py:925} INFO - DAG(s) 'weather_etl_daily' retrieved from /opt/airflow/dags/weather_etl_dag.py
[2026-02-26T05:23:36.280+0000] {logging_mixin.py:190} INFO - [2026-02-26T05:23:36.279+0000] {dag.py:3239} INFO - Sync 1 DAGs
[2026-02-26T05:23:36.329+0000] {logging_mixin.py:190} INFO - [2026-02-26T05:23:36.328+0000] {dag.py:4180} INFO - Setting next_dagrun for weather_etl_daily to 2026-02-26 03:00:00+00:00, run_after=2026-02-26 06:00:00+00:00
[2026-02-26T05:23:36.358+0000] {processor.py:208} INFO - Processing /opt/airflow/dags/weather_etl_dag.py took 0.593 seconds
[2026-02-26T05:24:07.207+0000] {processor.py:186} INFO - Started process (PID=3045) to work on /opt/airflow/dags/weather_etl_dag.py
[2026-02-26T05:24:07.209+0000] {processor.py:914} INFO - Processing file /opt/airflow/dags/weather_etl_dag.py for tasks to queue
[2026-02-26T05:24:07.210+0000] {logging_mixin.py:190} INFO - [2026-02-26T05:24:07.210+0000] {dagbag.py:588} INFO - Filling up the DagBag from /opt/airflow/dags/weather_etl_dag.py
[2026-02-26T05:24:07.703+0000] {processor.py:925} INFO - DAG(s) 'weather_etl_daily' retrieved from /opt/airflow/dags/weather_etl_dag.py
[2026-02-26T05:24:07.750+0000] {logging_mixin.py:190} INFO - [2026-02-26T05:24:07.748+0000] {dag.py:3239} INFO - Sync 1 DAGs
[2026-02-26T05:24:07.778+0000] {logging_mixin.py:190} INFO - [2026-02-26T05:24:07.778+0000] {dag.py:4180} INFO - Setting next_dagrun for weather_etl_daily to 2026-02-26 03:00:00+00:00, run_after=2026-02-26 06:00:00+00:00
[2026-02-26T05:24:07.797+0000] {processor.py:208} INFO - Processing /opt/airflow/dags/weather_etl_dag.py took 0.599 seconds
[2026-02-26T05:24:38.633+0000] {processor.py:186} INFO - Started process (PID=3063) to work on /opt/airflow/dags/weather_etl_dag.py
[2026-02-26T05:24:38.635+0000] {processor.py:914} INFO - Processing file /opt/airflow/dags/weather_etl_dag.py for tasks to queue
[2026-02-26T05:24:38.636+0000] {logging_mixin.py:190} INFO - [2026-02-26T05:24:38.636+0000] {dagbag.py:588} INFO - Filling up the DagBag from /opt/airflow/dags/weather_etl_dag.py
[2026-02-26T05:24:39.106+0000] {processor.py:925} INFO - DAG(s) 'weather_etl_daily' retrieved from /opt/airflow/dags/weather_etl_dag.py
[2026-02-26T05:24:39.150+0000] {logging_mixin.py:190} INFO - [2026-02-26T05:24:39.149+0000] {dag.py:3239} INFO - Sync 1 DAGs
[2026-02-26T05:24:39.183+0000] {logging_mixin.py:190} INFO - [2026-02-26T05:24:39.183+0000] {dag.py:4180} INFO - Setting next_dagrun for weather_etl_daily to 2026-02-26 03:00:00+00:00, run_after=2026-02-26 06:00:00+00:00
[2026-02-26T05:24:39.213+0000] {processor.py:208} INFO - Processing /opt/airflow/dags/weather_etl_dag.py took 0.589 seconds
[2026-02-26T05:25:10.030+0000] {processor.py:186} INFO - Started process (PID=3081) to work on /opt/airflow/dags/weather_etl_dag.py
[2026-02-26T05:25:10.032+0000] {processor.py:914} INFO - Processing file /opt/airflow/dags/weather_etl_dag.py for tasks to queue
[2026-02-26T05:25:10.034+0000] {logging_mixin.py:190} INFO - [2026-02-26T05:25:10.033+0000] {dagbag.py:588} INFO - Filling up the DagBag from /opt/airflow/dags/weather_etl_dag.py
[2026-02-26T05:25:10.520+0000] {processor.py:925} INFO - DAG(s) 'weather_etl_daily' retrieved from /opt/airflow/dags/weather_etl_dag.py
[2026-02-26T05:25:10.564+0000] {logging_mixin.py:190} INFO - [2026-02-26T05:25:10.564+0000] {dag.py:3239} INFO - Sync 1 DAGs
[2026-02-26T05:25:10.598+0000] {logging_mixin.py:190} INFO - [2026-02-26T05:25:10.598+0000] {dag.py:4180} INFO - Setting next_dagrun for weather_etl_daily to 2026-02-26 03:00:00+00:00, run_after=2026-02-26 06:00:00+00:00
[2026-02-26T05:25:10.621+0000] {processor.py:208} INFO - Processing /opt/airflow/dags/weather_etl_dag.py took 0.603 seconds
[2026-02-26T05:25:41.445+0000] {processor.py:186} INFO - Started process (PID=3099) to work on /opt/airflow/dags/weather_etl_dag.py
[2026-02-26T05:25:41.447+0000] {processor.py:914} INFO - Processing file /opt/airflow/dags/weather_etl_dag.py for tasks to queue
[2026-02-26T05:25:41.448+0000] {logging_mixin.py:190} INFO - [2026-02-26T05:25:41.448+0000] {dagbag.py:588} INFO - Filling up the DagBag from /opt/airflow/dags/weather_etl_dag.py
[2026-02-26T05:25:41.890+0000] {processor.py:925} INFO - DAG(s) 'weather_etl_daily' retrieved from /opt/airflow/dags/weather_etl_dag.py
[2026-02-26T05:25:41.932+0000] {logging_mixin.py:190} INFO - [2026-02-26T05:25:41.932+0000] {dag.py:3239} INFO - Sync 1 DAGs
[2026-02-26T05:25:41.965+0000] {logging_mixin.py:190} INFO - [2026-02-26T05:25:41.965+0000] {dag.py:4180} INFO - Setting next_dagrun for weather_etl_daily to 2026-02-26 03:00:00+00:00, run_after=2026-02-26 06:00:00+00:00
[2026-02-26T05:25:41.984+0000] {processor.py:208} INFO - Processing /opt/airflow/dags/weather_etl_dag.py took 0.549 seconds
[2026-02-26T05:26:12.879+0000] {processor.py:186} INFO - Started process (PID=3117) to work on /opt/airflow/dags/weather_etl_dag.py
[2026-02-26T05:26:12.881+0000] {processor.py:914} INFO - Processing file /opt/airflow/dags/weather_etl_dag.py for tasks to queue
[2026-02-26T05:26:12.882+0000] {logging_mixin.py:190} INFO - [2026-02-26T05:26:12.882+0000] {dagbag.py:588} INFO - Filling up the DagBag from /opt/airflow/dags/weather_etl_dag.py
[2026-02-26T05:26:13.337+0000] {processor.py:925} INFO - DAG(s) 'weather_etl_daily' retrieved from /opt/airflow/dags/weather_etl_dag.py
[2026-02-26T05:26:13.378+0000] {logging_mixin.py:190} INFO - [2026-02-26T05:26:13.377+0000] {dag.py:3239} INFO - Sync 1 DAGs
[2026-02-26T05:26:13.408+0000] {logging_mixin.py:190} INFO - [2026-02-26T05:26:13.408+0000] {dag.py:4180} INFO - Setting next_dagrun for weather_etl_daily to 2026-02-26 03:00:00+00:00, run_after=2026-02-26 06:00:00+00:00
[2026-02-26T05:26:13.430+0000] {processor.py:208} INFO - Processing /opt/airflow/dags/weather_etl_dag.py took 0.562 seconds
[2026-02-26T05:26:44.308+0000] {processor.py:186} INFO - Started process (PID=3135) to work on /opt/airflow/dags/weather_etl_dag.py
[2026-02-26T05:26:44.310+0000] {processor.py:914} INFO - Processing file /opt/airflow/dags/weather_etl_dag.py for tasks to queue
[2026-02-26T05:26:44.311+0000] {logging_mixin.py:190} INFO - [2026-02-26T05:26:44.311+0000] {dagbag.py:588} INFO - Filling up the DagBag from /opt/airflow/dags/weather_etl_dag.py
[2026-02-26T05:26:44.764+0000] {processor.py:925} INFO - DAG(s) 'weather_etl_daily' retrieved from /opt/airflow/dags/weather_etl_dag.py
[2026-02-26T05:26:44.808+0000] {logging_mixin.py:190} INFO - [2026-02-26T05:26:44.807+0000] {dag.py:3239} INFO - Sync 1 DAGs
[2026-02-26T05:26:44.837+0000] {logging_mixin.py:190} INFO - [2026-02-26T05:26:44.837+0000] {dag.py:4180} INFO - Setting next_dagrun for weather_etl_daily to 2026-02-26 03:00:00+00:00, run_after=2026-02-26 06:00:00+00:00
[2026-02-26T05:26:44.856+0000] {processor.py:208} INFO - Processing /opt/airflow/dags/weather_etl_dag.py took 0.558 seconds
[2026-02-26T05:27:15.742+0000] {processor.py:186} INFO - Started process (PID=3153) to work on /opt/airflow/dags/weather_etl_dag.py
[2026-02-26T05:27:15.744+0000] {processor.py:914} INFO - Processing file /opt/airflow/dags/weather_etl_dag.py for tasks to queue
[2026-02-26T05:27:15.746+0000] {logging_mixin.py:190} INFO - [2026-02-26T05:27:15.745+0000] {dagbag.py:588} INFO - Filling up the DagBag from /opt/airflow/dags/weather_etl_dag.py
[2026-02-26T05:27:16.187+0000] {processor.py:925} INFO - DAG(s) 'weather_etl_daily' retrieved from /opt/airflow/dags/weather_etl_dag.py
[2026-02-26T05:27:16.241+0000] {logging_mixin.py:190} INFO - [2026-02-26T05:27:16.240+0000] {dag.py:3239} INFO - Sync 1 DAGs
[2026-02-26T05:27:16.271+0000] {logging_mixin.py:190} INFO - [2026-02-26T05:27:16.271+0000] {dag.py:4180} INFO - Setting next_dagrun for weather_etl_daily to 2026-02-26 03:00:00+00:00, run_after=2026-02-26 06:00:00+00:00
[2026-02-26T05:27:16.291+0000] {processor.py:208} INFO - Processing /opt/airflow/dags/weather_etl_dag.py took 0.565 seconds
[2026-02-26T05:27:47.166+0000] {processor.py:186} INFO - Started process (PID=3171) to work on /opt/airflow/dags/weather_etl_dag.py
[2026-02-26T05:27:47.167+0000] {processor.py:914} INFO - Processing file /opt/airflow/dags/weather_etl_dag.py for tasks to queue
[2026-02-26T05:27:47.169+0000] {logging_mixin.py:190} INFO - [2026-02-26T05:27:47.168+0000] {dagbag.py:588} INFO - Filling up the DagBag from /opt/airflow/dags/weather_etl_dag.py
[2026-02-26T05:27:47.605+0000] {processor.py:925} INFO - DAG(s) 'weather_etl_daily' retrieved from /opt/airflow/dags/weather_etl_dag.py
[2026-02-26T05:27:47.646+0000] {logging_mixin.py:190} INFO - [2026-02-26T05:27:47.646+0000] {dag.py:3239} INFO - Sync 1 DAGs
[2026-02-26T05:27:47.677+0000] {logging_mixin.py:190} INFO - [2026-02-26T05:27:47.677+0000] {dag.py:4180} INFO - Setting next_dagrun for weather_etl_daily to 2026-02-26 03:00:00+00:00, run_after=2026-02-26 06:00:00+00:00
[2026-02-26T05:27:47.698+0000] {processor.py:208} INFO - Processing /opt/airflow/dags/weather_etl_dag.py took 0.542 seconds
[2026-02-26T05:28:18.602+0000] {processor.py:186} INFO - Started process (PID=3189) to work on /opt/airflow/dags/weather_etl_dag.py
[2026-02-26T05:28:18.604+0000] {processor.py:914} INFO - Processing file /opt/airflow/dags/weather_etl_dag.py for tasks to queue
[2026-02-26T05:28:18.605+0000] {logging_mixin.py:190} INFO - [2026-02-26T05:28:18.605+0000] {dagbag.py:588} INFO - Filling up the DagBag from /opt/airflow/dags/weather_etl_dag.py
[2026-02-26T05:28:19.006+0000] {processor.py:925} INFO - DAG(s) 'weather_etl_daily' retrieved from /opt/airflow/dags/weather_etl_dag.py
[2026-02-26T05:28:19.049+0000] {logging_mixin.py:190} INFO - [2026-02-26T05:28:19.048+0000] {dag.py:3239} INFO - Sync 1 DAGs
[2026-02-26T05:28:19.082+0000] {logging_mixin.py:190} INFO - [2026-02-26T05:28:19.082+0000] {dag.py:4180} INFO - Setting next_dagrun for weather_etl_daily to 2026-02-26 03:00:00+00:00, run_after=2026-02-26 06:00:00+00:00
[2026-02-26T05:28:19.102+0000] {processor.py:208} INFO - Processing /opt/airflow/dags/weather_etl_dag.py took 0.510 seconds
[2026-02-26T05:28:50.011+0000] {processor.py:186} INFO - Started process (PID=3207) to work on /opt/airflow/dags/weather_etl_dag.py
[2026-02-26T05:28:50.013+0000] {processor.py:914} INFO - Processing file /opt/airflow/dags/weather_etl_dag.py for tasks to queue
[2026-02-26T05:28:50.014+0000] {logging_mixin.py:190} INFO - [2026-02-26T05:28:50.014+0000] {dagbag.py:588} INFO - Filling up the DagBag from /opt/airflow/dags/weather_etl_dag.py
[2026-02-26T05:28:50.461+0000] {processor.py:925} INFO - DAG(s) 'weather_etl_daily' retrieved from /opt/airflow/dags/weather_etl_dag.py
[2026-02-26T05:28:50.503+0000] {logging_mixin.py:190} INFO - [2026-02-26T05:28:50.502+0000] {dag.py:3239} INFO - Sync 1 DAGs
[2026-02-26T05:28:50.533+0000] {logging_mixin.py:190} INFO - [2026-02-26T05:28:50.533+0000] {dag.py:4180} INFO - Setting next_dagrun for weather_etl_daily to 2026-02-26 03:00:00+00:00, run_after=2026-02-26 06:00:00+00:00
[2026-02-26T05:28:50.551+0000] {processor.py:208} INFO - Processing /opt/airflow/dags/weather_etl_dag.py took 0.550 seconds
[2026-02-26T05:29:21.420+0000] {processor.py:186} INFO - Started process (PID=3225) to work on /opt/airflow/dags/weather_etl_dag.py
[2026-02-26T05:29:21.421+0000] {processor.py:914} INFO - Processing file /opt/airflow/dags/weather_etl_dag.py for tasks to queue
[2026-02-26T05:29:21.423+0000] {logging_mixin.py:190} INFO - [2026-02-26T05:29:21.422+0000] {dagbag.py:588} INFO - Filling up the DagBag from /opt/airflow/dags/weather_etl_dag.py
[2026-02-26T05:29:21.871+0000] {processor.py:925} INFO - DAG(s) 'weather_etl_daily' retrieved from /opt/airflow/dags/weather_etl_dag.py
[2026-02-26T05:29:21.914+0000] {logging_mixin.py:190} INFO - [2026-02-26T05:29:21.914+0000] {dag.py:3239} INFO - Sync 1 DAGs
[2026-02-26T05:29:21.944+0000] {logging_mixin.py:190} INFO - [2026-02-26T05:29:21.944+0000] {dag.py:4180} INFO - Setting next_dagrun for weather_etl_daily to 2026-02-26 03:00:00+00:00, run_after=2026-02-26 06:00:00+00:00
[2026-02-26T05:29:21.963+0000] {processor.py:208} INFO - Processing /opt/airflow/dags/weather_etl_dag.py took 0.553 seconds
[2026-02-26T05:29:52.848+0000] {processor.py:186} INFO - Started process (PID=3243) to work on /opt/airflow/dags/weather_etl_dag.py
[2026-02-26T05:29:52.849+0000] {processor.py:914} INFO - Processing file /opt/airflow/dags/weather_etl_dag.py for tasks to queue
[2026-02-26T05:29:52.852+0000] {logging_mixin.py:190} INFO - [2026-02-26T05:29:52.851+0000] {dagbag.py:588} INFO - Filling up the DagBag from /opt/airflow/dags/weather_etl_dag.py
[2026-02-26T05:29:53.316+0000] {processor.py:925} INFO - DAG(s) 'weather_etl_daily' retrieved from /opt/airflow/dags/weather_etl_dag.py
[2026-02-26T05:29:53.359+0000] {logging_mixin.py:190} INFO - [2026-02-26T05:29:53.358+0000] {dag.py:3239} INFO - Sync 1 DAGs
[2026-02-26T05:29:53.389+0000] {logging_mixin.py:190} INFO - [2026-02-26T05:29:53.389+0000] {dag.py:4180} INFO - Setting next_dagrun for weather_etl_daily to 2026-02-26 03:00:00+00:00, run_after=2026-02-26 06:00:00+00:00
[2026-02-26T05:29:53.408+0000] {processor.py:208} INFO - Processing /opt/airflow/dags/weather_etl_dag.py took 0.570 seconds
[2026-02-26T05:30:24.261+0000] {processor.py:186} INFO - Started process (PID=3261) to work on /opt/airflow/dags/weather_etl_dag.py
[2026-02-26T05:30:24.262+0000] {processor.py:914} INFO - Processing file /opt/airflow/dags/weather_etl_dag.py for tasks to queue
[2026-02-26T05:30:24.264+0000] {logging_mixin.py:190} INFO - [2026-02-26T05:30:24.263+0000] {dagbag.py:588} INFO - Filling up the DagBag from /opt/airflow/dags/weather_etl_dag.py
[2026-02-26T05:30:24.905+0000] {processor.py:925} INFO - DAG(s) 'weather_etl_daily' retrieved from /opt/airflow/dags/weather_etl_dag.py
[2026-02-26T05:30:24.948+0000] {logging_mixin.py:190} INFO - [2026-02-26T05:30:24.947+0000] {dag.py:3239} INFO - Sync 1 DAGs
[2026-02-26T05:30:24.979+0000] {logging_mixin.py:190} INFO - [2026-02-26T05:30:24.978+0000] {dag.py:4180} INFO - Setting next_dagrun for weather_etl_daily to 2026-02-26 03:00:00+00:00, run_after=2026-02-26 06:00:00+00:00
[2026-02-26T05:30:24.999+0000] {processor.py:208} INFO - Processing /opt/airflow/dags/weather_etl_dag.py took 0.749 seconds
[2026-02-26T05:30:55.662+0000] {processor.py:186} INFO - Started process (PID=3279) to work on /opt/airflow/dags/weather_etl_dag.py
[2026-02-26T05:30:55.663+0000] {processor.py:914} INFO - Processing file /opt/airflow/dags/weather_etl_dag.py for tasks to queue
[2026-02-26T05:30:55.664+0000] {logging_mixin.py:190} INFO - [2026-02-26T05:30:55.664+0000] {dagbag.py:588} INFO - Filling up the DagBag from /opt/airflow/dags/weather_etl_dag.py
[2026-02-26T05:30:56.113+0000] {processor.py:925} INFO - DAG(s) 'weather_etl_daily' retrieved from /opt/airflow/dags/weather_etl_dag.py
[2026-02-26T05:30:56.158+0000] {logging_mixin.py:190} INFO - [2026-02-26T05:30:56.157+0000] {dag.py:3239} INFO - Sync 1 DAGs
[2026-02-26T05:30:56.191+0000] {logging_mixin.py:190} INFO - [2026-02-26T05:30:56.191+0000] {dag.py:4180} INFO - Setting next_dagrun for weather_etl_daily to 2026-02-26 03:00:00+00:00, run_after=2026-02-26 06:00:00+00:00
[2026-02-26T05:30:56.211+0000] {processor.py:208} INFO - Processing /opt/airflow/dags/weather_etl_dag.py took 0.559 seconds
[2026-02-26T05:31:27.091+0000] {processor.py:186} INFO - Started process (PID=3297) to work on /opt/airflow/dags/weather_etl_dag.py
[2026-02-26T05:31:27.092+0000] {processor.py:914} INFO - Processing file /opt/airflow/dags/weather_etl_dag.py for tasks to queue
[2026-02-26T05:31:27.093+0000] {logging_mixin.py:190} INFO - [2026-02-26T05:31:27.093+0000] {dagbag.py:588} INFO - Filling up the DagBag from /opt/airflow/dags/weather_etl_dag.py
[2026-02-26T05:31:27.488+0000] {processor.py:925} INFO - DAG(s) 'weather_etl_daily' retrieved from /opt/airflow/dags/weather_etl_dag.py
[2026-02-26T05:31:27.531+0000] {logging_mixin.py:190} INFO - [2026-02-26T05:31:27.531+0000] {dag.py:3239} INFO - Sync 1 DAGs
[2026-02-26T05:31:27.563+0000] {logging_mixin.py:190} INFO - [2026-02-26T05:31:27.563+0000] {dag.py:4180} INFO - Setting next_dagrun for weather_etl_daily to 2026-02-26 03:00:00+00:00, run_after=2026-02-26 06:00:00+00:00
[2026-02-26T05:31:27.583+0000] {processor.py:208} INFO - Processing /opt/airflow/dags/weather_etl_dag.py took 0.502 seconds
[2026-02-26T05:31:58.517+0000] {processor.py:186} INFO - Started process (PID=3315) to work on /opt/airflow/dags/weather_etl_dag.py
[2026-02-26T05:31:58.518+0000] {processor.py:914} INFO - Processing file /opt/airflow/dags/weather_etl_dag.py for tasks to queue
[2026-02-26T05:31:58.520+0000] {logging_mixin.py:190} INFO - [2026-02-26T05:31:58.519+0000] {dagbag.py:588} INFO - Filling up the DagBag from /opt/airflow/dags/weather_etl_dag.py
[2026-02-26T05:31:58.942+0000] {processor.py:925} INFO - DAG(s) 'weather_etl_daily' retrieved from /opt/airflow/dags/weather_etl_dag.py
[2026-02-26T05:31:58.986+0000] {logging_mixin.py:190} INFO - [2026-02-26T05:31:58.985+0000] {dag.py:3239} INFO - Sync 1 DAGs
[2026-02-26T05:31:59.019+0000] {logging_mixin.py:190} INFO - [2026-02-26T05:31:59.018+0000] {dag.py:4180} INFO - Setting next_dagrun for weather_etl_daily to 2026-02-26 03:00:00+00:00, run_after=2026-02-26 06:00:00+00:00
[2026-02-26T05:31:59.038+0000] {processor.py:208} INFO - Processing /opt/airflow/dags/weather_etl_dag.py took 0.531 seconds
[2026-02-26T05:32:29.909+0000] {processor.py:186} INFO - Started process (PID=3333) to work on /opt/airflow/dags/weather_etl_dag.py
[2026-02-26T05:32:29.910+0000] {processor.py:914} INFO - Processing file /opt/airflow/dags/weather_etl_dag.py for tasks to queue
[2026-02-26T05:32:29.911+0000] {logging_mixin.py:190} INFO - [2026-02-26T05:32:29.911+0000] {dagbag.py:588} INFO - Filling up the DagBag from /opt/airflow/dags/weather_etl_dag.py
[2026-02-26T05:32:30.332+0000] {processor.py:925} INFO - DAG(s) 'weather_etl_daily' retrieved from /opt/airflow/dags/weather_etl_dag.py
[2026-02-26T05:32:30.387+0000] {logging_mixin.py:190} INFO - [2026-02-26T05:32:30.386+0000] {dag.py:3239} INFO - Sync 1 DAGs
[2026-02-26T05:32:30.418+0000] {logging_mixin.py:190} INFO - [2026-02-26T05:32:30.417+0000] {dag.py:4180} INFO - Setting next_dagrun for weather_etl_daily to 2026-02-26 03:00:00+00:00, run_after=2026-02-26 06:00:00+00:00
[2026-02-26T05:32:30.436+0000] {processor.py:208} INFO - Processing /opt/airflow/dags/weather_etl_dag.py took 0.537 seconds
[2026-02-26T05:33:01.348+0000] {processor.py:186} INFO - Started process (PID=3354) to work on /opt/airflow/dags/weather_etl_dag.py
[2026-02-26T05:33:01.349+0000] {processor.py:914} INFO - Processing file /opt/airflow/dags/weather_etl_dag.py for tasks to queue
[2026-02-26T05:33:01.351+0000] {logging_mixin.py:190} INFO - [2026-02-26T05:33:01.350+0000] {dagbag.py:588} INFO - Filling up the DagBag from /opt/airflow/dags/weather_etl_dag.py
[2026-02-26T05:33:01.739+0000] {processor.py:925} INFO - DAG(s) 'weather_etl_daily' retrieved from /opt/airflow/dags/weather_etl_dag.py
[2026-02-26T05:33:01.793+0000] {logging_mixin.py:190} INFO - [2026-02-26T05:33:01.792+0000] {dag.py:3239} INFO - Sync 1 DAGs
[2026-02-26T05:33:01.823+0000] {logging_mixin.py:190} INFO - [2026-02-26T05:33:01.823+0000] {dag.py:4180} INFO - Setting next_dagrun for weather_etl_daily to 2026-02-26 03:00:00+00:00, run_after=2026-02-26 06:00:00+00:00
[2026-02-26T05:33:01.842+0000] {processor.py:208} INFO - Processing /opt/airflow/dags/weather_etl_dag.py took 0.504 seconds
[2026-02-26T05:33:31.957+0000] {processor.py:186} INFO - Started process (PID=3374) to work on /opt/airflow/dags/weather_etl_dag.py
[2026-02-26T05:33:31.959+0000] {processor.py:914} INFO - Processing file /opt/airflow/dags/weather_etl_dag.py for tasks to queue
[2026-02-26T05:33:31.960+0000] {logging_mixin.py:190} INFO - [2026-02-26T05:33:31.960+0000] {dagbag.py:588} INFO - Filling up the DagBag from /opt/airflow/dags/weather_etl_dag.py
[2026-02-26T05:33:32.403+0000] {processor.py:925} INFO - DAG(s) 'weather_etl_daily' retrieved from /opt/airflow/dags/weather_etl_dag.py
[2026-02-26T05:33:32.445+0000] {logging_mixin.py:190} INFO - [2026-02-26T05:33:32.444+0000] {dag.py:3239} INFO - Sync 1 DAGs
[2026-02-26T05:33:32.478+0000] {logging_mixin.py:190} INFO - [2026-02-26T05:33:32.478+0000] {dag.py:4180} INFO - Setting next_dagrun for weather_etl_daily to 2026-02-26 03:00:00+00:00, run_after=2026-02-26 06:00:00+00:00
[2026-02-26T05:33:32.498+0000] {processor.py:208} INFO - Processing /opt/airflow/dags/weather_etl_dag.py took 0.551 seconds
[2026-02-26T05:34:03.213+0000] {processor.py:186} INFO - Started process (PID=3392) to work on /opt/airflow/dags/weather_etl_dag.py
[2026-02-26T05:34:03.215+0000] {processor.py:914} INFO - Processing file /opt/airflow/dags/weather_etl_dag.py for tasks to queue
[2026-02-26T05:34:03.216+0000] {logging_mixin.py:190} INFO - [2026-02-26T05:34:03.216+0000] {dagbag.py:588} INFO - Filling up the DagBag from /opt/airflow/dags/weather_etl_dag.py
[2026-02-26T05:34:03.610+0000] {processor.py:925} INFO - DAG(s) 'weather_etl_daily' retrieved from /opt/airflow/dags/weather_etl_dag.py
[2026-02-26T05:34:03.651+0000] {logging_mixin.py:190} INFO - [2026-02-26T05:34:03.649+0000] {dag.py:3239} INFO - Sync 1 DAGs
[2026-02-26T05:34:03.680+0000] {logging_mixin.py:190} INFO - [2026-02-26T05:34:03.680+0000] {dag.py:4180} INFO - Setting next_dagrun for weather_etl_daily to 2026-02-26 03:00:00+00:00, run_after=2026-02-26 06:00:00+00:00
[2026-02-26T05:34:03.699+0000] {processor.py:208} INFO - Processing /opt/airflow/dags/weather_etl_dag.py took 0.495 seconds
[2026-02-26T05:34:33.824+0000] {processor.py:186} INFO - Started process (PID=3410) to work on /opt/airflow/dags/weather_etl_dag.py
[2026-02-26T05:34:33.825+0000] {processor.py:914} INFO - Processing file /opt/airflow/dags/weather_etl_dag.py for tasks to queue
[2026-02-26T05:34:33.827+0000] {logging_mixin.py:190} INFO - [2026-02-26T05:34:33.827+0000] {dagbag.py:588} INFO - Filling up the DagBag from /opt/airflow/dags/weather_etl_dag.py
[2026-02-26T05:34:34.266+0000] {processor.py:925} INFO - DAG(s) 'weather_etl_daily' retrieved from /opt/airflow/dags/weather_etl_dag.py
[2026-02-26T05:34:34.311+0000] {logging_mixin.py:190} INFO - [2026-02-26T05:34:34.310+0000] {dag.py:3239} INFO - Sync 1 DAGs
[2026-02-26T05:34:34.350+0000] {logging_mixin.py:190} INFO - [2026-02-26T05:34:34.349+0000] {dag.py:4180} INFO - Setting next_dagrun for weather_etl_daily to 2026-02-26 03:00:00+00:00, run_after=2026-02-26 06:00:00+00:00
[2026-02-26T05:34:34.371+0000] {processor.py:208} INFO - Processing /opt/airflow/dags/weather_etl_dag.py took 0.559 seconds
[2026-02-26T05:35:05.093+0000] {processor.py:186} INFO - Started process (PID=3428) to work on /opt/airflow/dags/weather_etl_dag.py
[2026-02-26T05:35:05.095+0000] {processor.py:914} INFO - Processing file /opt/airflow/dags/weather_etl_dag.py for tasks to queue
[2026-02-26T05:35:05.096+0000] {logging_mixin.py:190} INFO - [2026-02-26T05:35:05.096+0000] {dagbag.py:588} INFO - Filling up the DagBag from /opt/airflow/dags/weather_etl_dag.py
[2026-02-26T05:35:05.533+0000] {processor.py:925} INFO - DAG(s) 'weather_etl_daily' retrieved from /opt/airflow/dags/weather_etl_dag.py
[2026-02-26T05:35:05.575+0000] {logging_mixin.py:190} INFO - [2026-02-26T05:35:05.575+0000] {dag.py:3239} INFO - Sync 1 DAGs
[2026-02-26T05:35:05.606+0000] {logging_mixin.py:190} INFO - [2026-02-26T05:35:05.605+0000] {dag.py:4180} INFO - Setting next_dagrun for weather_etl_daily to 2026-02-26 03:00:00+00:00, run_after=2026-02-26 06:00:00+00:00
[2026-02-26T05:35:05.626+0000] {processor.py:208} INFO - Processing /opt/airflow/dags/weather_etl_dag.py took 0.542 seconds
[2026-02-26T05:35:35.687+0000] {processor.py:186} INFO - Started process (PID=3446) to work on /opt/airflow/dags/weather_etl_dag.py
[2026-02-26T05:35:35.688+0000] {processor.py:914} INFO - Processing file /opt/airflow/dags/weather_etl_dag.py for tasks to queue
[2026-02-26T05:35:35.690+0000] {logging_mixin.py:190} INFO - [2026-02-26T05:35:35.689+0000] {dagbag.py:588} INFO - Filling up the DagBag from /opt/airflow/dags/weather_etl_dag.py
[2026-02-26T05:35:36.145+0000] {processor.py:925} INFO - DAG(s) 'weather_etl_daily' retrieved from /opt/airflow/dags/weather_etl_dag.py
[2026-02-26T05:35:36.188+0000] {logging_mixin.py:190} INFO - [2026-02-26T05:35:36.188+0000] {dag.py:3239} INFO - Sync 1 DAGs
[2026-02-26T05:35:36.219+0000] {logging_mixin.py:190} INFO - [2026-02-26T05:35:36.219+0000] {dag.py:4180} INFO - Setting next_dagrun for weather_etl_daily to 2026-02-26 03:00:00+00:00, run_after=2026-02-26 06:00:00+00:00
[2026-02-26T05:35:36.239+0000] {processor.py:208} INFO - Processing /opt/airflow/dags/weather_etl_dag.py took 0.561 seconds
[2026-02-26T05:36:06.956+0000] {processor.py:186} INFO - Started process (PID=3464) to work on /opt/airflow/dags/weather_etl_dag.py
[2026-02-26T05:36:06.958+0000] {processor.py:914} INFO - Processing file /opt/airflow/dags/weather_etl_dag.py for tasks to queue
[2026-02-26T05:36:06.960+0000] {logging_mixin.py:190} INFO - [2026-02-26T05:36:06.959+0000] {dagbag.py:588} INFO - Filling up the DagBag from /opt/airflow/dags/weather_etl_dag.py
[2026-02-26T05:36:07.516+0000] {processor.py:925} INFO - DAG(s) 'weather_etl_daily' retrieved from /opt/airflow/dags/weather_etl_dag.py
[2026-02-26T05:36:07.561+0000] {logging_mixin.py:190} INFO - [2026-02-26T05:36:07.560+0000] {dag.py:3239} INFO - Sync 1 DAGs
[2026-02-26T05:36:07.593+0000] {logging_mixin.py:190} INFO - [2026-02-26T05:36:07.593+0000] {dag.py:4180} INFO - Setting next_dagrun for weather_etl_daily to 2026-02-26 03:00:00+00:00, run_after=2026-02-26 06:00:00+00:00
[2026-02-26T05:36:07.612+0000] {processor.py:208} INFO - Processing /opt/airflow/dags/weather_etl_dag.py took 0.668 seconds
[2026-02-26T05:36:38.365+0000] {processor.py:186} INFO - Started process (PID=3482) to work on /opt/airflow/dags/weather_etl_dag.py
[2026-02-26T05:36:38.366+0000] {processor.py:914} INFO - Processing file /opt/airflow/dags/weather_etl_dag.py for tasks to queue
[2026-02-26T05:36:38.368+0000] {logging_mixin.py:190} INFO - [2026-02-26T05:36:38.367+0000] {dagbag.py:588} INFO - Filling up the DagBag from /opt/airflow/dags/weather_etl_dag.py
[2026-02-26T05:36:38.795+0000] {processor.py:925} INFO - DAG(s) 'weather_etl_daily' retrieved from /opt/airflow/dags/weather_etl_dag.py
[2026-02-26T05:36:38.836+0000] {logging_mixin.py:190} INFO - [2026-02-26T05:36:38.834+0000] {dag.py:3239} INFO - Sync 1 DAGs
[2026-02-26T05:36:38.862+0000] {logging_mixin.py:190} INFO - [2026-02-26T05:36:38.861+0000] {dag.py:4180} INFO - Setting next_dagrun for weather_etl_daily to 2026-02-26 03:00:00+00:00, run_after=2026-02-26 06:00:00+00:00
[2026-02-26T05:36:38.879+0000] {processor.py:208} INFO - Processing /opt/airflow/dags/weather_etl_dag.py took 0.524 seconds
[2026-02-26T05:37:08.949+0000] {processor.py:186} INFO - Started process (PID=3500) to work on /opt/airflow/dags/weather_etl_dag.py
[2026-02-26T05:37:08.951+0000] {processor.py:914} INFO - Processing file /opt/airflow/dags/weather_etl_dag.py for tasks to queue
[2026-02-26T05:37:08.952+0000] {logging_mixin.py:190} INFO - [2026-02-26T05:37:08.952+0000] {dagbag.py:588} INFO - Filling up the DagBag from /opt/airflow/dags/weather_etl_dag.py
[2026-02-26T05:37:09.405+0000] {processor.py:925} INFO - DAG(s) 'weather_etl_daily' retrieved from /opt/airflow/dags/weather_etl_dag.py
[2026-02-26T05:37:09.461+0000] {logging_mixin.py:190} INFO - [2026-02-26T05:37:09.460+0000] {dag.py:3239} INFO - Sync 1 DAGs
[2026-02-26T05:37:09.491+0000] {logging_mixin.py:190} INFO - [2026-02-26T05:37:09.491+0000] {dag.py:4180} INFO - Setting next_dagrun for weather_etl_daily to 2026-02-26 03:00:00+00:00, run_after=2026-02-26 06:00:00+00:00
[2026-02-26T05:37:09.511+0000] {processor.py:208} INFO - Processing /opt/airflow/dags/weather_etl_dag.py took 0.572 seconds
[2026-02-26T05:37:40.235+0000] {processor.py:186} INFO - Started process (PID=3518) to work on /opt/airflow/dags/weather_etl_dag.py
[2026-02-26T05:37:40.237+0000] {processor.py:914} INFO - Processing file /opt/airflow/dags/weather_etl_dag.py for tasks to queue
[2026-02-26T05:37:40.238+0000] {logging_mixin.py:190} INFO - [2026-02-26T05:37:40.238+0000] {dagbag.py:588} INFO - Filling up the DagBag from /opt/airflow/dags/weather_etl_dag.py
[2026-02-26T05:37:40.668+0000] {processor.py:925} INFO - DAG(s) 'weather_etl_daily' retrieved from /opt/airflow/dags/weather_etl_dag.py
[2026-02-26T05:37:40.710+0000] {logging_mixin.py:190} INFO - [2026-02-26T05:37:40.709+0000] {dag.py:3239} INFO - Sync 1 DAGs
[2026-02-26T05:37:40.740+0000] {logging_mixin.py:190} INFO - [2026-02-26T05:37:40.739+0000] {dag.py:4180} INFO - Setting next_dagrun for weather_etl_daily to 2026-02-26 03:00:00+00:00, run_after=2026-02-26 06:00:00+00:00
[2026-02-26T05:37:40.759+0000] {processor.py:208} INFO - Processing /opt/airflow/dags/weather_etl_dag.py took 0.536 seconds
[2026-02-26T05:38:11.625+0000] {processor.py:186} INFO - Started process (PID=3536) to work on /opt/airflow/dags/weather_etl_dag.py
[2026-02-26T05:38:11.626+0000] {processor.py:914} INFO - Processing file /opt/airflow/dags/weather_etl_dag.py for tasks to queue
[2026-02-26T05:38:11.627+0000] {logging_mixin.py:190} INFO - [2026-02-26T05:38:11.627+0000] {dagbag.py:588} INFO - Filling up the DagBag from /opt/airflow/dags/weather_etl_dag.py
[2026-02-26T05:38:12.022+0000] {processor.py:925} INFO - DAG(s) 'weather_etl_daily' retrieved from /opt/airflow/dags/weather_etl_dag.py
[2026-02-26T05:38:12.063+0000] {logging_mixin.py:190} INFO - [2026-02-26T05:38:12.062+0000] {dag.py:3239} INFO - Sync 1 DAGs
[2026-02-26T05:38:12.094+0000] {logging_mixin.py:190} INFO - [2026-02-26T05:38:12.094+0000] {dag.py:4180} INFO - Setting next_dagrun for weather_etl_daily to 2026-02-26 03:00:00+00:00, run_after=2026-02-26 06:00:00+00:00
[2026-02-26T05:38:12.128+0000] {processor.py:208} INFO - Processing /opt/airflow/dags/weather_etl_dag.py took 0.514 seconds
[2026-02-26T05:38:42.195+0000] {processor.py:186} INFO - Started process (PID=3554) to work on /opt/airflow/dags/weather_etl_dag.py
[2026-02-26T05:38:42.197+0000] {processor.py:914} INFO - Processing file /opt/airflow/dags/weather_etl_dag.py for tasks to queue
[2026-02-26T05:38:42.198+0000] {logging_mixin.py:190} INFO - [2026-02-26T05:38:42.198+0000] {dagbag.py:588} INFO - Filling up the DagBag from /opt/airflow/dags/weather_etl_dag.py
[2026-02-26T05:38:42.617+0000] {processor.py:925} INFO - DAG(s) 'weather_etl_daily' retrieved from /opt/airflow/dags/weather_etl_dag.py
[2026-02-26T05:38:42.661+0000] {logging_mixin.py:190} INFO - [2026-02-26T05:38:42.660+0000] {dag.py:3239} INFO - Sync 1 DAGs
[2026-02-26T05:38:42.690+0000] {logging_mixin.py:190} INFO - [2026-02-26T05:38:42.689+0000] {dag.py:4180} INFO - Setting next_dagrun for weather_etl_daily to 2026-02-26 03:00:00+00:00, run_after=2026-02-26 06:00:00+00:00
[2026-02-26T05:38:42.704+0000] {processor.py:208} INFO - Processing /opt/airflow/dags/weather_etl_dag.py took 0.519 seconds
[2026-02-26T05:39:13.454+0000] {processor.py:186} INFO - Started process (PID=3572) to work on /opt/airflow/dags/weather_etl_dag.py
[2026-02-26T05:39:13.455+0000] {processor.py:914} INFO - Processing file /opt/airflow/dags/weather_etl_dag.py for tasks to queue
[2026-02-26T05:39:13.456+0000] {logging_mixin.py:190} INFO - [2026-02-26T05:39:13.456+0000] {dagbag.py:588} INFO - Filling up the DagBag from /opt/airflow/dags/weather_etl_dag.py
[2026-02-26T05:39:13.896+0000] {processor.py:925} INFO - DAG(s) 'weather_etl_daily' retrieved from /opt/airflow/dags/weather_etl_dag.py
[2026-02-26T05:39:13.940+0000] {logging_mixin.py:190} INFO - [2026-02-26T05:39:13.939+0000] {dag.py:3239} INFO - Sync 1 DAGs
[2026-02-26T05:39:13.969+0000] {logging_mixin.py:190} INFO - [2026-02-26T05:39:13.969+0000] {dag.py:4180} INFO - Setting next_dagrun for weather_etl_daily to 2026-02-26 03:00:00+00:00, run_after=2026-02-26 06:00:00+00:00
[2026-02-26T05:39:13.988+0000] {processor.py:208} INFO - Processing /opt/airflow/dags/weather_etl_dag.py took 0.544 seconds
[2026-02-26T05:39:44.075+0000] {processor.py:186} INFO - Started process (PID=3590) to work on /opt/airflow/dags/weather_etl_dag.py
[2026-02-26T05:39:44.077+0000] {processor.py:914} INFO - Processing file /opt/airflow/dags/weather_etl_dag.py for tasks to queue
[2026-02-26T05:39:44.078+0000] {logging_mixin.py:190} INFO - [2026-02-26T05:39:44.078+0000] {dagbag.py:588} INFO - Filling up the DagBag from /opt/airflow/dags/weather_etl_dag.py
[2026-02-26T05:39:44.546+0000] {processor.py:925} INFO - DAG(s) 'weather_etl_daily' retrieved from /opt/airflow/dags/weather_etl_dag.py
[2026-02-26T05:39:44.593+0000] {logging_mixin.py:190} INFO - [2026-02-26T05:39:44.593+0000] {dag.py:3239} INFO - Sync 1 DAGs
[2026-02-26T05:39:44.625+0000] {logging_mixin.py:190} INFO - [2026-02-26T05:39:44.625+0000] {dag.py:4180} INFO - Setting next_dagrun for weather_etl_daily to 2026-02-26 03:00:00+00:00, run_after=2026-02-26 06:00:00+00:00
[2026-02-26T05:39:44.651+0000] {processor.py:208} INFO - Processing /opt/airflow/dags/weather_etl_dag.py took 0.586 seconds
[2026-02-26T05:40:15.338+0000] {processor.py:186} INFO - Started process (PID=3608) to work on /opt/airflow/dags/weather_etl_dag.py
[2026-02-26T05:40:15.340+0000] {processor.py:914} INFO - Processing file /opt/airflow/dags/weather_etl_dag.py for tasks to queue
[2026-02-26T05:40:15.341+0000] {logging_mixin.py:190} INFO - [2026-02-26T05:40:15.341+0000] {dagbag.py:588} INFO - Filling up the DagBag from /opt/airflow/dags/weather_etl_dag.py
[2026-02-26T05:40:15.802+0000] {processor.py:925} INFO - DAG(s) 'weather_etl_daily' retrieved from /opt/airflow/dags/weather_etl_dag.py
[2026-02-26T05:40:15.847+0000] {logging_mixin.py:190} INFO - [2026-02-26T05:40:15.846+0000] {dag.py:3239} INFO - Sync 1 DAGs
[2026-02-26T05:40:15.878+0000] {logging_mixin.py:190} INFO - [2026-02-26T05:40:15.878+0000] {dag.py:4180} INFO - Setting next_dagrun for weather_etl_daily to 2026-02-26 03:00:00+00:00, run_after=2026-02-26 06:00:00+00:00
[2026-02-26T05:40:15.898+0000] {processor.py:208} INFO - Processing /opt/airflow/dags/weather_etl_dag.py took 0.570 seconds
[2026-02-26T05:40:46.760+0000] {processor.py:186} INFO - Started process (PID=3626) to work on /opt/airflow/dags/weather_etl_dag.py
[2026-02-26T05:40:46.762+0000] {processor.py:914} INFO - Processing file /opt/airflow/dags/weather_etl_dag.py for tasks to queue
[2026-02-26T05:40:46.764+0000] {logging_mixin.py:190} INFO - [2026-02-26T05:40:46.763+0000] {dagbag.py:588} INFO - Filling up the DagBag from /opt/airflow/dags/weather_etl_dag.py
[2026-02-26T05:40:47.229+0000] {processor.py:925} INFO - DAG(s) 'weather_etl_daily' retrieved from /opt/airflow/dags/weather_etl_dag.py
[2026-02-26T05:40:47.272+0000] {logging_mixin.py:190} INFO - [2026-02-26T05:40:47.272+0000] {dag.py:3239} INFO - Sync 1 DAGs
[2026-02-26T05:40:47.304+0000] {logging_mixin.py:190} INFO - [2026-02-26T05:40:47.303+0000] {dag.py:4180} INFO - Setting next_dagrun for weather_etl_daily to 2026-02-26 03:00:00+00:00, run_after=2026-02-26 06:00:00+00:00
[2026-02-26T05:40:47.322+0000] {processor.py:208} INFO - Processing /opt/airflow/dags/weather_etl_dag.py took 0.572 seconds
[2026-02-26T05:41:18.180+0000] {processor.py:186} INFO - Started process (PID=3644) to work on /opt/airflow/dags/weather_etl_dag.py
[2026-02-26T05:41:18.181+0000] {processor.py:914} INFO - Processing file /opt/airflow/dags/weather_etl_dag.py for tasks to queue
[2026-02-26T05:41:18.183+0000] {logging_mixin.py:190} INFO - [2026-02-26T05:41:18.183+0000] {dagbag.py:588} INFO - Filling up the DagBag from /opt/airflow/dags/weather_etl_dag.py
[2026-02-26T05:41:18.648+0000] {processor.py:925} INFO - DAG(s) 'weather_etl_daily' retrieved from /opt/airflow/dags/weather_etl_dag.py
[2026-02-26T05:41:18.699+0000] {logging_mixin.py:190} INFO - [2026-02-26T05:41:18.699+0000] {dag.py:3239} INFO - Sync 1 DAGs
[2026-02-26T05:41:18.737+0000] {logging_mixin.py:190} INFO - [2026-02-26T05:41:18.737+0000] {dag.py:4180} INFO - Setting next_dagrun for weather_etl_daily to 2026-02-26 03:00:00+00:00, run_after=2026-02-26 06:00:00+00:00
[2026-02-26T05:41:18.760+0000] {processor.py:208} INFO - Processing /opt/airflow/dags/weather_etl_dag.py took 0.592 seconds
[2026-02-26T05:41:49.576+0000] {processor.py:186} INFO - Started process (PID=3662) to work on /opt/airflow/dags/weather_etl_dag.py
[2026-02-26T05:41:49.577+0000] {processor.py:914} INFO - Processing file /opt/airflow/dags/weather_etl_dag.py for tasks to queue
[2026-02-26T05:41:49.579+0000] {logging_mixin.py:190} INFO - [2026-02-26T05:41:49.578+0000] {dagbag.py:588} INFO - Filling up the DagBag from /opt/airflow/dags/weather_etl_dag.py
[2026-02-26T05:41:50.012+0000] {processor.py:925} INFO - DAG(s) 'weather_etl_daily' retrieved from /opt/airflow/dags/weather_etl_dag.py
[2026-02-26T05:41:50.055+0000] {logging_mixin.py:190} INFO - [2026-02-26T05:41:50.055+0000] {dag.py:3239} INFO - Sync 1 DAGs
[2026-02-26T05:41:50.086+0000] {logging_mixin.py:190} INFO - [2026-02-26T05:41:50.086+0000] {dag.py:4180} INFO - Setting next_dagrun for weather_etl_daily to 2026-02-26 03:00:00+00:00, run_after=2026-02-26 06:00:00+00:00
[2026-02-26T05:41:50.114+0000] {processor.py:208} INFO - Processing /opt/airflow/dags/weather_etl_dag.py took 0.547 seconds
[2026-02-26T05:42:20.178+0000] {processor.py:186} INFO - Started process (PID=3680) to work on /opt/airflow/dags/weather_etl_dag.py
[2026-02-26T05:42:20.180+0000] {processor.py:914} INFO - Processing file /opt/airflow/dags/weather_etl_dag.py for tasks to queue
[2026-02-26T05:42:20.181+0000] {logging_mixin.py:190} INFO - [2026-02-26T05:42:20.181+0000] {dagbag.py:588} INFO - Filling up the DagBag from /opt/airflow/dags/weather_etl_dag.py
[2026-02-26T05:42:20.640+0000] {processor.py:925} INFO - DAG(s) 'weather_etl_daily' retrieved from /opt/airflow/dags/weather_etl_dag.py
[2026-02-26T05:42:20.703+0000] {logging_mixin.py:190} INFO - [2026-02-26T05:42:20.702+0000] {dag.py:3239} INFO - Sync 1 DAGs
[2026-02-26T05:42:20.730+0000] {logging_mixin.py:190} INFO - [2026-02-26T05:42:20.730+0000] {dag.py:4180} INFO - Setting next_dagrun for weather_etl_daily to 2026-02-26 03:00:00+00:00, run_after=2026-02-26 06:00:00+00:00
[2026-02-26T05:42:20.747+0000] {processor.py:208} INFO - Processing /opt/airflow/dags/weather_etl_dag.py took 0.580 seconds
[2026-02-26T05:42:51.454+0000] {processor.py:186} INFO - Started process (PID=3698) to work on /opt/airflow/dags/weather_etl_dag.py
[2026-02-26T05:42:51.455+0000] {processor.py:914} INFO - Processing file /opt/airflow/dags/weather_etl_dag.py for tasks to queue
[2026-02-26T05:42:51.457+0000] {logging_mixin.py:190} INFO - [2026-02-26T05:42:51.456+0000] {dagbag.py:588} INFO - Filling up the DagBag from /opt/airflow/dags/weather_etl_dag.py
[2026-02-26T05:42:51.855+0000] {processor.py:925} INFO - DAG(s) 'weather_etl_daily' retrieved from /opt/airflow/dags/weather_etl_dag.py
[2026-02-26T05:42:51.898+0000] {logging_mixin.py:190} INFO - [2026-02-26T05:42:51.897+0000] {dag.py:3239} INFO - Sync 1 DAGs
[2026-02-26T05:42:51.928+0000] {logging_mixin.py:190} INFO - [2026-02-26T05:42:51.928+0000] {dag.py:4180} INFO - Setting next_dagrun for weather_etl_daily to 2026-02-26 03:00:00+00:00, run_after=2026-02-26 06:00:00+00:00
[2026-02-26T05:42:51.948+0000] {processor.py:208} INFO - Processing /opt/airflow/dags/weather_etl_dag.py took 0.504 seconds
[2026-02-26T05:43:22.031+0000] {processor.py:186} INFO - Started process (PID=3716) to work on /opt/airflow/dags/weather_etl_dag.py
[2026-02-26T05:43:22.033+0000] {processor.py:914} INFO - Processing file /opt/airflow/dags/weather_etl_dag.py for tasks to queue
[2026-02-26T05:43:22.034+0000] {logging_mixin.py:190} INFO - [2026-02-26T05:43:22.034+0000] {dagbag.py:588} INFO - Filling up the DagBag from /opt/airflow/dags/weather_etl_dag.py
[2026-02-26T05:43:22.424+0000] {processor.py:925} INFO - DAG(s) 'weather_etl_daily' retrieved from /opt/airflow/dags/weather_etl_dag.py
[2026-02-26T05:43:22.468+0000] {logging_mixin.py:190} INFO - [2026-02-26T05:43:22.467+0000] {dag.py:3239} INFO - Sync 1 DAGs
[2026-02-26T05:43:22.499+0000] {logging_mixin.py:190} INFO - [2026-02-26T05:43:22.499+0000] {dag.py:4180} INFO - Setting next_dagrun for weather_etl_daily to 2026-02-26 03:00:00+00:00, run_after=2026-02-26 06:00:00+00:00
[2026-02-26T05:43:22.519+0000] {processor.py:208} INFO - Processing /opt/airflow/dags/weather_etl_dag.py took 0.497 seconds
[2026-02-26T05:43:53.293+0000] {processor.py:186} INFO - Started process (PID=3734) to work on /opt/airflow/dags/weather_etl_dag.py
[2026-02-26T05:43:53.294+0000] {processor.py:914} INFO - Processing file /opt/airflow/dags/weather_etl_dag.py for tasks to queue
[2026-02-26T05:43:53.296+0000] {logging_mixin.py:190} INFO - [2026-02-26T05:43:53.296+0000] {dagbag.py:588} INFO - Filling up the DagBag from /opt/airflow/dags/weather_etl_dag.py
[2026-02-26T05:43:53.768+0000] {processor.py:925} INFO - DAG(s) 'weather_etl_daily' retrieved from /opt/airflow/dags/weather_etl_dag.py
[2026-02-26T05:43:53.813+0000] {logging_mixin.py:190} INFO - [2026-02-26T05:43:53.812+0000] {dag.py:3239} INFO - Sync 1 DAGs
[2026-02-26T05:43:53.845+0000] {logging_mixin.py:190} INFO - [2026-02-26T05:43:53.844+0000] {dag.py:4180} INFO - Setting next_dagrun for weather_etl_daily to 2026-02-26 03:00:00+00:00, run_after=2026-02-26 06:00:00+00:00
[2026-02-26T05:43:53.864+0000] {processor.py:208} INFO - Processing /opt/airflow/dags/weather_etl_dag.py took 0.581 seconds
[2026-02-26T05:44:24.750+0000] {processor.py:186} INFO - Started process (PID=3752) to work on /opt/airflow/dags/weather_etl_dag.py
[2026-02-26T05:44:24.752+0000] {processor.py:914} INFO - Processing file /opt/airflow/dags/weather_etl_dag.py for tasks to queue
[2026-02-26T05:44:24.753+0000] {logging_mixin.py:190} INFO - [2026-02-26T05:44:24.753+0000] {dagbag.py:588} INFO - Filling up the DagBag from /opt/airflow/dags/weather_etl_dag.py
[2026-02-26T05:44:25.138+0000] {processor.py:925} INFO - DAG(s) 'weather_etl_daily' retrieved from /opt/airflow/dags/weather_etl_dag.py
[2026-02-26T05:44:25.176+0000] {logging_mixin.py:190} INFO - [2026-02-26T05:44:25.175+0000] {dag.py:3239} INFO - Sync 1 DAGs
[2026-02-26T05:44:25.205+0000] {logging_mixin.py:190} INFO - [2026-02-26T05:44:25.205+0000] {dag.py:4180} INFO - Setting next_dagrun for weather_etl_daily to 2026-02-26 03:00:00+00:00, run_after=2026-02-26 06:00:00+00:00
[2026-02-26T05:44:25.224+0000] {processor.py:208} INFO - Processing /opt/airflow/dags/weather_etl_dag.py took 0.484 seconds
[2026-02-26T05:44:55.329+0000] {processor.py:186} INFO - Started process (PID=3770) to work on /opt/airflow/dags/weather_etl_dag.py
[2026-02-26T05:44:55.331+0000] {processor.py:914} INFO - Processing file /opt/airflow/dags/weather_etl_dag.py for tasks to queue
[2026-02-26T05:44:55.332+0000] {logging_mixin.py:190} INFO - [2026-02-26T05:44:55.332+0000] {dagbag.py:588} INFO - Filling up the DagBag from /opt/airflow/dags/weather_etl_dag.py
[2026-02-26T05:44:55.798+0000] {processor.py:925} INFO - DAG(s) 'weather_etl_daily' retrieved from /opt/airflow/dags/weather_etl_dag.py
[2026-02-26T05:44:55.842+0000] {logging_mixin.py:190} INFO - [2026-02-26T05:44:55.841+0000] {dag.py:3239} INFO - Sync 1 DAGs
[2026-02-26T05:44:55.893+0000] {logging_mixin.py:190} INFO - [2026-02-26T05:44:55.893+0000] {dag.py:4180} INFO - Setting next_dagrun for weather_etl_daily to 2026-02-26 03:00:00+00:00, run_after=2026-02-26 06:00:00+00:00
[2026-02-26T05:44:55.912+0000] {processor.py:208} INFO - Processing /opt/airflow/dags/weather_etl_dag.py took 0.593 seconds
[2026-02-26T05:45:26.601+0000] {processor.py:186} INFO - Started process (PID=3788) to work on /opt/airflow/dags/weather_etl_dag.py
[2026-02-26T05:45:26.603+0000] {processor.py:914} INFO - Processing file /opt/airflow/dags/weather_etl_dag.py for tasks to queue
[2026-02-26T05:45:26.604+0000] {logging_mixin.py:190} INFO - [2026-02-26T05:45:26.604+0000] {dagbag.py:588} INFO - Filling up the DagBag from /opt/airflow/dags/weather_etl_dag.py
[2026-02-26T05:45:27.071+0000] {processor.py:925} INFO - DAG(s) 'weather_etl_daily' retrieved from /opt/airflow/dags/weather_etl_dag.py
[2026-02-26T05:45:27.117+0000] {logging_mixin.py:190} INFO - [2026-02-26T05:45:27.117+0000] {dag.py:3239} INFO - Sync 1 DAGs
[2026-02-26T05:45:27.149+0000] {logging_mixin.py:190} INFO - [2026-02-26T05:45:27.149+0000] {dag.py:4180} INFO - Setting next_dagrun for weather_etl_daily to 2026-02-26 03:00:00+00:00, run_after=2026-02-26 06:00:00+00:00
[2026-02-26T05:45:27.170+0000] {processor.py:208} INFO - Processing /opt/airflow/dags/weather_etl_dag.py took 0.580 seconds
[2026-02-26T05:45:58.039+0000] {processor.py:186} INFO - Started process (PID=3806) to work on /opt/airflow/dags/weather_etl_dag.py
[2026-02-26T05:45:58.043+0000] {processor.py:914} INFO - Processing file /opt/airflow/dags/weather_etl_dag.py for tasks to queue
[2026-02-26T05:45:58.045+0000] {logging_mixin.py:190} INFO - [2026-02-26T05:45:58.044+0000] {dagbag.py:588} INFO - Filling up the DagBag from /opt/airflow/dags/weather_etl_dag.py
[2026-02-26T05:45:58.498+0000] {processor.py:925} INFO - DAG(s) 'weather_etl_daily' retrieved from /opt/airflow/dags/weather_etl_dag.py
[2026-02-26T05:45:58.534+0000] {logging_mixin.py:190} INFO - [2026-02-26T05:45:58.534+0000] {dag.py:3239} INFO - Sync 1 DAGs
[2026-02-26T05:45:58.565+0000] {logging_mixin.py:190} INFO - [2026-02-26T05:45:58.564+0000] {dag.py:4180} INFO - Setting next_dagrun for weather_etl_daily to 2026-02-26 03:00:00+00:00, run_after=2026-02-26 06:00:00+00:00
[2026-02-26T05:45:58.584+0000] {processor.py:208} INFO - Processing /opt/airflow/dags/weather_etl_dag.py took 0.559 seconds
[2026-02-26T05:46:29.466+0000] {processor.py:186} INFO - Started process (PID=3824) to work on /opt/airflow/dags/weather_etl_dag.py
[2026-02-26T05:46:29.467+0000] {processor.py:914} INFO - Processing file /opt/airflow/dags/weather_etl_dag.py for tasks to queue
[2026-02-26T05:46:29.469+0000] {logging_mixin.py:190} INFO - [2026-02-26T05:46:29.468+0000] {dagbag.py:588} INFO - Filling up the DagBag from /opt/airflow/dags/weather_etl_dag.py
[2026-02-26T05:46:29.939+0000] {processor.py:925} INFO - DAG(s) 'weather_etl_daily' retrieved from /opt/airflow/dags/weather_etl_dag.py
[2026-02-26T05:46:29.982+0000] {logging_mixin.py:190} INFO - [2026-02-26T05:46:29.981+0000] {dag.py:3239} INFO - Sync 1 DAGs
[2026-02-26T05:46:30.013+0000] {logging_mixin.py:190} INFO - [2026-02-26T05:46:30.012+0000] {dag.py:4180} INFO - Setting next_dagrun for weather_etl_daily to 2026-02-26 03:00:00+00:00, run_after=2026-02-26 06:00:00+00:00
[2026-02-26T05:46:30.033+0000] {processor.py:208} INFO - Processing /opt/airflow/dags/weather_etl_dag.py took 0.578 seconds
[2026-02-26T05:47:00.895+0000] {processor.py:186} INFO - Started process (PID=3842) to work on /opt/airflow/dags/weather_etl_dag.py
[2026-02-26T05:47:00.897+0000] {processor.py:914} INFO - Processing file /opt/airflow/dags/weather_etl_dag.py for tasks to queue
[2026-02-26T05:47:00.898+0000] {logging_mixin.py:190} INFO - [2026-02-26T05:47:00.898+0000] {dagbag.py:588} INFO - Filling up the DagBag from /opt/airflow/dags/weather_etl_dag.py
[2026-02-26T05:47:01.324+0000] {processor.py:925} INFO - DAG(s) 'weather_etl_daily' retrieved from /opt/airflow/dags/weather_etl_dag.py
[2026-02-26T05:47:01.379+0000] {logging_mixin.py:190} INFO - [2026-02-26T05:47:01.378+0000] {dag.py:3239} INFO - Sync 1 DAGs
[2026-02-26T05:47:01.409+0000] {logging_mixin.py:190} INFO - [2026-02-26T05:47:01.409+0000] {dag.py:4180} INFO - Setting next_dagrun for weather_etl_daily to 2026-02-26 03:00:00+00:00, run_after=2026-02-26 06:00:00+00:00
[2026-02-26T05:47:01.428+0000] {processor.py:208} INFO - Processing /opt/airflow/dags/weather_etl_dag.py took 0.544 seconds
[2026-02-26T05:47:32.329+0000] {processor.py:186} INFO - Started process (PID=3860) to work on /opt/airflow/dags/weather_etl_dag.py
[2026-02-26T05:47:32.331+0000] {processor.py:914} INFO - Processing file /opt/airflow/dags/weather_etl_dag.py for tasks to queue
[2026-02-26T05:47:32.333+0000] {logging_mixin.py:190} INFO - [2026-02-26T05:47:32.332+0000] {dagbag.py:588} INFO - Filling up the DagBag from /opt/airflow/dags/weather_etl_dag.py
[2026-02-26T05:47:32.733+0000] {processor.py:925} INFO - DAG(s) 'weather_etl_daily' retrieved from /opt/airflow/dags/weather_etl_dag.py
[2026-02-26T05:47:32.778+0000] {logging_mixin.py:190} INFO - [2026-02-26T05:47:32.777+0000] {dag.py:3239} INFO - Sync 1 DAGs
[2026-02-26T05:47:32.809+0000] {logging_mixin.py:190} INFO - [2026-02-26T05:47:32.809+0000] {dag.py:4180} INFO - Setting next_dagrun for weather_etl_daily to 2026-02-26 03:00:00+00:00, run_after=2026-02-26 06:00:00+00:00
[2026-02-26T05:47:32.830+0000] {processor.py:208} INFO - Processing /opt/airflow/dags/weather_etl_dag.py took 0.511 seconds
[2026-02-26T05:48:03.737+0000] {processor.py:186} INFO - Started process (PID=3878) to work on /opt/airflow/dags/weather_etl_dag.py
[2026-02-26T05:48:03.739+0000] {processor.py:914} INFO - Processing file /opt/airflow/dags/weather_etl_dag.py for tasks to queue
[2026-02-26T05:48:03.740+0000] {logging_mixin.py:190} INFO - [2026-02-26T05:48:03.740+0000] {dagbag.py:588} INFO - Filling up the DagBag from /opt/airflow/dags/weather_etl_dag.py
[2026-02-26T05:48:04.174+0000] {processor.py:925} INFO - DAG(s) 'weather_etl_daily' retrieved from /opt/airflow/dags/weather_etl_dag.py
[2026-02-26T05:48:04.218+0000] {logging_mixin.py:190} INFO - [2026-02-26T05:48:04.217+0000] {dag.py:3239} INFO - Sync 1 DAGs
[2026-02-26T05:48:04.265+0000] {logging_mixin.py:190} INFO - [2026-02-26T05:48:04.264+0000] {dag.py:4180} INFO - Setting next_dagrun for weather_etl_daily to 2026-02-26 03:00:00+00:00, run_after=2026-02-26 06:00:00+00:00
[2026-02-26T05:48:04.285+0000] {processor.py:208} INFO - Processing /opt/airflow/dags/weather_etl_dag.py took 0.559 seconds
[2026-02-26T05:48:35.179+0000] {processor.py:186} INFO - Started process (PID=3896) to work on /opt/airflow/dags/weather_etl_dag.py
[2026-02-26T05:48:35.181+0000] {processor.py:914} INFO - Processing file /opt/airflow/dags/weather_etl_dag.py for tasks to queue
[2026-02-26T05:48:35.182+0000] {logging_mixin.py:190} INFO - [2026-02-26T05:48:35.182+0000] {dagbag.py:588} INFO - Filling up the DagBag from /opt/airflow/dags/weather_etl_dag.py
[2026-02-26T05:48:35.579+0000] {processor.py:925} INFO - DAG(s) 'weather_etl_daily' retrieved from /opt/airflow/dags/weather_etl_dag.py
[2026-02-26T05:48:35.623+0000] {logging_mixin.py:190} INFO - [2026-02-26T05:48:35.622+0000] {dag.py:3239} INFO - Sync 1 DAGs
[2026-02-26T05:48:35.654+0000] {logging_mixin.py:190} INFO - [2026-02-26T05:48:35.654+0000] {dag.py:4180} INFO - Setting next_dagrun for weather_etl_daily to 2026-02-26 03:00:00+00:00, run_after=2026-02-26 06:00:00+00:00
[2026-02-26T05:48:35.672+0000] {processor.py:208} INFO - Processing /opt/airflow/dags/weather_etl_dag.py took 0.504 seconds
[2026-02-26T05:49:06.577+0000] {processor.py:186} INFO - Started process (PID=3914) to work on /opt/airflow/dags/weather_etl_dag.py
[2026-02-26T05:49:06.578+0000] {processor.py:914} INFO - Processing file /opt/airflow/dags/weather_etl_dag.py for tasks to queue
[2026-02-26T05:49:06.580+0000] {logging_mixin.py:190} INFO - [2026-02-26T05:49:06.580+0000] {dagbag.py:588} INFO - Filling up the DagBag from /opt/airflow/dags/weather_etl_dag.py
[2026-02-26T05:49:07.044+0000] {processor.py:925} INFO - DAG(s) 'weather_etl_daily' retrieved from /opt/airflow/dags/weather_etl_dag.py
[2026-02-26T05:49:07.111+0000] {logging_mixin.py:190} INFO - [2026-02-26T05:49:07.109+0000] {dag.py:3239} INFO - Sync 1 DAGs
[2026-02-26T05:49:07.147+0000] {logging_mixin.py:190} INFO - [2026-02-26T05:49:07.146+0000] {dag.py:4180} INFO - Setting next_dagrun for weather_etl_daily to 2026-02-26 03:00:00+00:00, run_after=2026-02-26 06:00:00+00:00
[2026-02-26T05:49:07.169+0000] {processor.py:208} INFO - Processing /opt/airflow/dags/weather_etl_dag.py took 0.602 seconds
[2026-02-26T05:49:37.992+0000] {processor.py:186} INFO - Started process (PID=3932) to work on /opt/airflow/dags/weather_etl_dag.py
[2026-02-26T05:49:37.993+0000] {processor.py:914} INFO - Processing file /opt/airflow/dags/weather_etl_dag.py for tasks to queue
[2026-02-26T05:49:37.995+0000] {logging_mixin.py:190} INFO - [2026-02-26T05:49:37.994+0000] {dagbag.py:588} INFO - Filling up the DagBag from /opt/airflow/dags/weather_etl_dag.py
[2026-02-26T05:49:38.518+0000] {processor.py:925} INFO - DAG(s) 'weather_etl_daily' retrieved from /opt/airflow/dags/weather_etl_dag.py
[2026-02-26T05:49:38.572+0000] {logging_mixin.py:190} INFO - [2026-02-26T05:49:38.571+0000] {dag.py:3239} INFO - Sync 1 DAGs
[2026-02-26T05:49:38.602+0000] {logging_mixin.py:190} INFO - [2026-02-26T05:49:38.601+0000] {dag.py:4180} INFO - Setting next_dagrun for weather_etl_daily to 2026-02-26 03:00:00+00:00, run_after=2026-02-26 06:00:00+00:00
[2026-02-26T05:49:38.620+0000] {processor.py:208} INFO - Processing /opt/airflow/dags/weather_etl_dag.py took 0.638 seconds
[2026-02-26T05:50:09.380+0000] {processor.py:186} INFO - Started process (PID=3950) to work on /opt/airflow/dags/weather_etl_dag.py
[2026-02-26T05:50:09.382+0000] {processor.py:914} INFO - Processing file /opt/airflow/dags/weather_etl_dag.py for tasks to queue
[2026-02-26T05:50:09.383+0000] {logging_mixin.py:190} INFO - [2026-02-26T05:50:09.383+0000] {dagbag.py:588} INFO - Filling up the DagBag from /opt/airflow/dags/weather_etl_dag.py
[2026-02-26T05:50:09.826+0000] {processor.py:925} INFO - DAG(s) 'weather_etl_daily' retrieved from /opt/airflow/dags/weather_etl_dag.py
[2026-02-26T05:50:09.879+0000] {logging_mixin.py:190} INFO - [2026-02-26T05:50:09.878+0000] {dag.py:3239} INFO - Sync 1 DAGs
[2026-02-26T05:50:09.909+0000] {logging_mixin.py:190} INFO - [2026-02-26T05:50:09.909+0000] {dag.py:4180} INFO - Setting next_dagrun for weather_etl_daily to 2026-02-26 03:00:00+00:00, run_after=2026-02-26 06:00:00+00:00
[2026-02-26T05:50:09.927+0000] {processor.py:208} INFO - Processing /opt/airflow/dags/weather_etl_dag.py took 0.557 seconds
[2026-02-26T05:50:40.834+0000] {processor.py:186} INFO - Started process (PID=3968) to work on /opt/airflow/dags/weather_etl_dag.py
[2026-02-26T05:50:40.837+0000] {processor.py:914} INFO - Processing file /opt/airflow/dags/weather_etl_dag.py for tasks to queue
[2026-02-26T05:50:40.841+0000] {logging_mixin.py:190} INFO - [2026-02-26T05:50:40.840+0000] {dagbag.py:588} INFO - Filling up the DagBag from /opt/airflow/dags/weather_etl_dag.py
[2026-02-26T05:50:41.290+0000] {processor.py:925} INFO - DAG(s) 'weather_etl_daily' retrieved from /opt/airflow/dags/weather_etl_dag.py
[2026-02-26T05:50:41.332+0000] {logging_mixin.py:190} INFO - [2026-02-26T05:50:41.332+0000] {dag.py:3239} INFO - Sync 1 DAGs
[2026-02-26T05:50:41.362+0000] {logging_mixin.py:190} INFO - [2026-02-26T05:50:41.361+0000] {dag.py:4180} INFO - Setting next_dagrun for weather_etl_daily to 2026-02-26 03:00:00+00:00, run_after=2026-02-26 06:00:00+00:00
[2026-02-26T05:50:41.383+0000] {processor.py:208} INFO - Processing /opt/airflow/dags/weather_etl_dag.py took 0.567 seconds
[2026-02-26T05:51:12.223+0000] {processor.py:186} INFO - Started process (PID=3986) to work on /opt/airflow/dags/weather_etl_dag.py
[2026-02-26T05:51:12.224+0000] {processor.py:914} INFO - Processing file /opt/airflow/dags/weather_etl_dag.py for tasks to queue
[2026-02-26T05:51:12.226+0000] {logging_mixin.py:190} INFO - [2026-02-26T05:51:12.225+0000] {dagbag.py:588} INFO - Filling up the DagBag from /opt/airflow/dags/weather_etl_dag.py
[2026-02-26T05:51:12.704+0000] {processor.py:925} INFO - DAG(s) 'weather_etl_daily' retrieved from /opt/airflow/dags/weather_etl_dag.py
[2026-02-26T05:51:12.759+0000] {logging_mixin.py:190} INFO - [2026-02-26T05:51:12.759+0000] {dag.py:3239} INFO - Sync 1 DAGs
[2026-02-26T05:51:12.791+0000] {logging_mixin.py:190} INFO - [2026-02-26T05:51:12.791+0000] {dag.py:4180} INFO - Setting next_dagrun for weather_etl_daily to 2026-02-26 03:00:00+00:00, run_after=2026-02-26 06:00:00+00:00
[2026-02-26T05:51:12.811+0000] {processor.py:208} INFO - Processing /opt/airflow/dags/weather_etl_dag.py took 0.596 seconds
[2026-02-26T05:51:43.654+0000] {processor.py:186} INFO - Started process (PID=4004) to work on /opt/airflow/dags/weather_etl_dag.py
[2026-02-26T05:51:43.656+0000] {processor.py:914} INFO - Processing file /opt/airflow/dags/weather_etl_dag.py for tasks to queue
[2026-02-26T05:51:43.657+0000] {logging_mixin.py:190} INFO - [2026-02-26T05:51:43.657+0000] {dagbag.py:588} INFO - Filling up the DagBag from /opt/airflow/dags/weather_etl_dag.py
[2026-02-26T05:51:44.113+0000] {processor.py:925} INFO - DAG(s) 'weather_etl_daily' retrieved from /opt/airflow/dags/weather_etl_dag.py
[2026-02-26T05:51:44.155+0000] {logging_mixin.py:190} INFO - [2026-02-26T05:51:44.154+0000] {dag.py:3239} INFO - Sync 1 DAGs
[2026-02-26T05:51:44.187+0000] {logging_mixin.py:190} INFO - [2026-02-26T05:51:44.186+0000] {dag.py:4180} INFO - Setting next_dagrun for weather_etl_daily to 2026-02-26 03:00:00+00:00, run_after=2026-02-26 06:00:00+00:00
[2026-02-26T05:51:44.207+0000] {processor.py:208} INFO - Processing /opt/airflow/dags/weather_etl_dag.py took 0.562 seconds
[2026-02-26T05:52:15.064+0000] {processor.py:186} INFO - Started process (PID=4022) to work on /opt/airflow/dags/weather_etl_dag.py
[2026-02-26T05:52:15.066+0000] {processor.py:914} INFO - Processing file /opt/airflow/dags/weather_etl_dag.py for tasks to queue
[2026-02-26T05:52:15.067+0000] {logging_mixin.py:190} INFO - [2026-02-26T05:52:15.067+0000] {dagbag.py:588} INFO - Filling up the DagBag from /opt/airflow/dags/weather_etl_dag.py
[2026-02-26T05:52:15.513+0000] {processor.py:925} INFO - DAG(s) 'weather_etl_daily' retrieved from /opt/airflow/dags/weather_etl_dag.py
[2026-02-26T05:52:15.556+0000] {logging_mixin.py:190} INFO - [2026-02-26T05:52:15.556+0000] {dag.py:3239} INFO - Sync 1 DAGs
[2026-02-26T05:52:15.586+0000] {logging_mixin.py:190} INFO - [2026-02-26T05:52:15.586+0000] {dag.py:4180} INFO - Setting next_dagrun for weather_etl_daily to 2026-02-26 03:00:00+00:00, run_after=2026-02-26 06:00:00+00:00
[2026-02-26T05:52:15.604+0000] {processor.py:208} INFO - Processing /opt/airflow/dags/weather_etl_dag.py took 0.550 seconds
[2026-02-26T05:52:46.503+0000] {processor.py:186} INFO - Started process (PID=4040) to work on /opt/airflow/dags/weather_etl_dag.py
[2026-02-26T05:52:46.505+0000] {processor.py:914} INFO - Processing file /opt/airflow/dags/weather_etl_dag.py for tasks to queue
[2026-02-26T05:52:46.506+0000] {logging_mixin.py:190} INFO - [2026-02-26T05:52:46.506+0000] {dagbag.py:588} INFO - Filling up the DagBag from /opt/airflow/dags/weather_etl_dag.py
[2026-02-26T05:52:46.961+0000] {processor.py:925} INFO - DAG(s) 'weather_etl_daily' retrieved from /opt/airflow/dags/weather_etl_dag.py
[2026-02-26T05:52:47.001+0000] {logging_mixin.py:190} INFO - [2026-02-26T05:52:47.000+0000] {dag.py:3239} INFO - Sync 1 DAGs
[2026-02-26T05:52:47.031+0000] {logging_mixin.py:190} INFO - [2026-02-26T05:52:47.031+0000] {dag.py:4180} INFO - Setting next_dagrun for weather_etl_daily to 2026-02-26 03:00:00+00:00, run_after=2026-02-26 06:00:00+00:00
[2026-02-26T05:52:47.050+0000] {processor.py:208} INFO - Processing /opt/airflow/dags/weather_etl_dag.py took 0.558 seconds
[2026-02-26T05:53:17.881+0000] {processor.py:186} INFO - Started process (PID=4061) to work on /opt/airflow/dags/weather_etl_dag.py
[2026-02-26T05:53:17.882+0000] {processor.py:914} INFO - Processing file /opt/airflow/dags/weather_etl_dag.py for tasks to queue
[2026-02-26T05:53:17.883+0000] {logging_mixin.py:190} INFO - [2026-02-26T05:53:17.883+0000] {dagbag.py:588} INFO - Filling up the DagBag from /opt/airflow/dags/weather_etl_dag.py
[2026-02-26T05:53:18.285+0000] {processor.py:925} INFO - DAG(s) 'weather_etl_daily' retrieved from /opt/airflow/dags/weather_etl_dag.py
[2026-02-26T05:53:18.328+0000] {logging_mixin.py:190} INFO - [2026-02-26T05:53:18.328+0000] {dag.py:3239} INFO - Sync 1 DAGs
[2026-02-26T05:53:18.368+0000] {logging_mixin.py:190} INFO - [2026-02-26T05:53:18.368+0000] {dag.py:4180} INFO - Setting next_dagrun for weather_etl_daily to 2026-02-26 03:00:00+00:00, run_after=2026-02-26 06:00:00+00:00
[2026-02-26T05:53:18.388+0000] {processor.py:208} INFO - Processing /opt/airflow/dags/weather_etl_dag.py took 0.517 seconds
[2026-02-26T05:53:48.477+0000] {processor.py:186} INFO - Started process (PID=4081) to work on /opt/airflow/dags/weather_etl_dag.py
[2026-02-26T05:53:48.479+0000] {processor.py:914} INFO - Processing file /opt/airflow/dags/weather_etl_dag.py for tasks to queue
[2026-02-26T05:53:48.480+0000] {logging_mixin.py:190} INFO - [2026-02-26T05:53:48.480+0000] {dagbag.py:588} INFO - Filling up the DagBag from /opt/airflow/dags/weather_etl_dag.py
[2026-02-26T05:53:48.911+0000] {processor.py:925} INFO - DAG(s) 'weather_etl_daily' retrieved from /opt/airflow/dags/weather_etl_dag.py
[2026-02-26T05:53:48.952+0000] {logging_mixin.py:190} INFO - [2026-02-26T05:53:48.951+0000] {dag.py:3239} INFO - Sync 1 DAGs
[2026-02-26T05:53:48.982+0000] {logging_mixin.py:190} INFO - [2026-02-26T05:53:48.982+0000] {dag.py:4180} INFO - Setting next_dagrun for weather_etl_daily to 2026-02-26 03:00:00+00:00, run_after=2026-02-26 06:00:00+00:00
[2026-02-26T05:53:49.000+0000] {processor.py:208} INFO - Processing /opt/airflow/dags/weather_etl_dag.py took 0.532 seconds
[2026-02-26T05:54:19.752+0000] {processor.py:186} INFO - Started process (PID=4099) to work on /opt/airflow/dags/weather_etl_dag.py
[2026-02-26T05:54:19.753+0000] {processor.py:914} INFO - Processing file /opt/airflow/dags/weather_etl_dag.py for tasks to queue
[2026-02-26T05:54:19.755+0000] {logging_mixin.py:190} INFO - [2026-02-26T05:54:19.754+0000] {dagbag.py:588} INFO - Filling up the DagBag from /opt/airflow/dags/weather_etl_dag.py
[2026-02-26T05:54:20.185+0000] {processor.py:925} INFO - DAG(s) 'weather_etl_daily' retrieved from /opt/airflow/dags/weather_etl_dag.py
[2026-02-26T05:54:20.226+0000] {logging_mixin.py:190} INFO - [2026-02-26T05:54:20.224+0000] {dag.py:3239} INFO - Sync 1 DAGs
[2026-02-26T05:54:20.258+0000] {logging_mixin.py:190} INFO - [2026-02-26T05:54:20.257+0000] {dag.py:4180} INFO - Setting next_dagrun for weather_etl_daily to 2026-02-26 03:00:00+00:00, run_after=2026-02-26 06:00:00+00:00
[2026-02-26T05:54:20.276+0000] {processor.py:208} INFO - Processing /opt/airflow/dags/weather_etl_dag.py took 0.534 seconds
[2026-02-26T05:54:50.356+0000] {processor.py:186} INFO - Started process (PID=4117) to work on /opt/airflow/dags/weather_etl_dag.py
[2026-02-26T05:54:50.358+0000] {processor.py:914} INFO - Processing file /opt/airflow/dags/weather_etl_dag.py for tasks to queue
[2026-02-26T05:54:50.359+0000] {logging_mixin.py:190} INFO - [2026-02-26T05:54:50.359+0000] {dagbag.py:588} INFO - Filling up the DagBag from /opt/airflow/dags/weather_etl_dag.py
[2026-02-26T05:54:50.801+0000] {processor.py:925} INFO - DAG(s) 'weather_etl_daily' retrieved from /opt/airflow/dags/weather_etl_dag.py
[2026-02-26T05:54:50.838+0000] {logging_mixin.py:190} INFO - [2026-02-26T05:54:50.838+0000] {dag.py:3239} INFO - Sync 1 DAGs
[2026-02-26T05:54:50.869+0000] {logging_mixin.py:190} INFO - [2026-02-26T05:54:50.869+0000] {dag.py:4180} INFO - Setting next_dagrun for weather_etl_daily to 2026-02-26 03:00:00+00:00, run_after=2026-02-26 06:00:00+00:00
[2026-02-26T05:54:50.889+0000] {processor.py:208} INFO - Processing /opt/airflow/dags/weather_etl_dag.py took 0.542 seconds
[2026-02-26T05:55:21.615+0000] {processor.py:186} INFO - Started process (PID=4135) to work on /opt/airflow/dags/weather_etl_dag.py
[2026-02-26T05:55:21.616+0000] {processor.py:914} INFO - Processing file /opt/airflow/dags/weather_etl_dag.py for tasks to queue
[2026-02-26T05:55:21.618+0000] {logging_mixin.py:190} INFO - [2026-02-26T05:55:21.617+0000] {dagbag.py:588} INFO - Filling up the DagBag from /opt/airflow/dags/weather_etl_dag.py
[2026-02-26T05:55:22.055+0000] {processor.py:925} INFO - DAG(s) 'weather_etl_daily' retrieved from /opt/airflow/dags/weather_etl_dag.py
[2026-02-26T05:55:22.095+0000] {logging_mixin.py:190} INFO - [2026-02-26T05:55:22.094+0000] {dag.py:3239} INFO - Sync 1 DAGs
[2026-02-26T05:55:22.124+0000] {logging_mixin.py:190} INFO - [2026-02-26T05:55:22.124+0000] {dag.py:4180} INFO - Setting next_dagrun for weather_etl_daily to 2026-02-26 03:00:00+00:00, run_after=2026-02-26 06:00:00+00:00
[2026-02-26T05:55:22.144+0000] {processor.py:208} INFO - Processing /opt/airflow/dags/weather_etl_dag.py took 0.539 seconds
[2026-02-26T05:55:52.980+0000] {processor.py:186} INFO - Started process (PID=4153) to work on /opt/airflow/dags/weather_etl_dag.py
[2026-02-26T05:55:52.982+0000] {processor.py:914} INFO - Processing file /opt/airflow/dags/weather_etl_dag.py for tasks to queue
[2026-02-26T05:55:52.983+0000] {logging_mixin.py:190} INFO - [2026-02-26T05:55:52.983+0000] {dagbag.py:588} INFO - Filling up the DagBag from /opt/airflow/dags/weather_etl_dag.py
[2026-02-26T05:55:53.448+0000] {processor.py:925} INFO - DAG(s) 'weather_etl_daily' retrieved from /opt/airflow/dags/weather_etl_dag.py
[2026-02-26T05:55:53.488+0000] {logging_mixin.py:190} INFO - [2026-02-26T05:55:53.488+0000] {dag.py:3239} INFO - Sync 1 DAGs
[2026-02-26T05:55:53.519+0000] {logging_mixin.py:190} INFO - [2026-02-26T05:55:53.519+0000] {dag.py:4180} INFO - Setting next_dagrun for weather_etl_daily to 2026-02-26 03:00:00+00:00, run_after=2026-02-26 06:00:00+00:00
[2026-02-26T05:55:53.538+0000] {processor.py:208} INFO - Processing /opt/airflow/dags/weather_etl_dag.py took 0.576 seconds
[2026-02-26T05:56:24.384+0000] {processor.py:186} INFO - Started process (PID=4171) to work on /opt/airflow/dags/weather_etl_dag.py
[2026-02-26T05:56:24.385+0000] {processor.py:914} INFO - Processing file /opt/airflow/dags/weather_etl_dag.py for tasks to queue
[2026-02-26T05:56:24.387+0000] {logging_mixin.py:190} INFO - [2026-02-26T05:56:24.386+0000] {dagbag.py:588} INFO - Filling up the DagBag from /opt/airflow/dags/weather_etl_dag.py
[2026-02-26T05:56:24.845+0000] {processor.py:925} INFO - DAG(s) 'weather_etl_daily' retrieved from /opt/airflow/dags/weather_etl_dag.py
[2026-02-26T05:56:24.885+0000] {logging_mixin.py:190} INFO - [2026-02-26T05:56:24.885+0000] {dag.py:3239} INFO - Sync 1 DAGs
[2026-02-26T05:56:24.919+0000] {logging_mixin.py:190} INFO - [2026-02-26T05:56:24.919+0000] {dag.py:4180} INFO - Setting next_dagrun for weather_etl_daily to 2026-02-26 03:00:00+00:00, run_after=2026-02-26 06:00:00+00:00
[2026-02-26T05:56:24.939+0000] {processor.py:208} INFO - Processing /opt/airflow/dags/weather_etl_dag.py took 0.564 seconds
[2026-02-26T05:56:55.824+0000] {processor.py:186} INFO - Started process (PID=4189) to work on /opt/airflow/dags/weather_etl_dag.py
[2026-02-26T05:56:55.826+0000] {processor.py:914} INFO - Processing file /opt/airflow/dags/weather_etl_dag.py for tasks to queue
[2026-02-26T05:56:55.827+0000] {logging_mixin.py:190} INFO - [2026-02-26T05:56:55.827+0000] {dagbag.py:588} INFO - Filling up the DagBag from /opt/airflow/dags/weather_etl_dag.py
[2026-02-26T05:56:56.272+0000] {processor.py:925} INFO - DAG(s) 'weather_etl_daily' retrieved from /opt/airflow/dags/weather_etl_dag.py
[2026-02-26T05:56:56.329+0000] {logging_mixin.py:190} INFO - [2026-02-26T05:56:56.328+0000] {dag.py:3239} INFO - Sync 1 DAGs
[2026-02-26T05:56:56.361+0000] {logging_mixin.py:190} INFO - [2026-02-26T05:56:56.361+0000] {dag.py:4180} INFO - Setting next_dagrun for weather_etl_daily to 2026-02-26 03:00:00+00:00, run_after=2026-02-26 06:00:00+00:00
[2026-02-26T05:56:56.389+0000] {processor.py:208} INFO - Processing /opt/airflow/dags/weather_etl_dag.py took 0.574 seconds
[2026-02-26T05:57:27.248+0000] {processor.py:186} INFO - Started process (PID=4207) to work on /opt/airflow/dags/weather_etl_dag.py
[2026-02-26T05:57:27.250+0000] {processor.py:914} INFO - Processing file /opt/airflow/dags/weather_etl_dag.py for tasks to queue
[2026-02-26T05:57:27.251+0000] {logging_mixin.py:190} INFO - [2026-02-26T05:57:27.251+0000] {dagbag.py:588} INFO - Filling up the DagBag from /opt/airflow/dags/weather_etl_dag.py
[2026-02-26T05:57:27.695+0000] {processor.py:925} INFO - DAG(s) 'weather_etl_daily' retrieved from /opt/airflow/dags/weather_etl_dag.py
[2026-02-26T05:57:27.754+0000] {logging_mixin.py:190} INFO - [2026-02-26T05:57:27.754+0000] {dag.py:3239} INFO - Sync 1 DAGs
[2026-02-26T05:57:27.786+0000] {logging_mixin.py:190} INFO - [2026-02-26T05:57:27.786+0000] {dag.py:4180} INFO - Setting next_dagrun for weather_etl_daily to 2026-02-26 03:00:00+00:00, run_after=2026-02-26 06:00:00+00:00
[2026-02-26T05:57:27.806+0000] {processor.py:208} INFO - Processing /opt/airflow/dags/weather_etl_dag.py took 0.568 seconds
[2026-02-26T05:57:58.685+0000] {processor.py:186} INFO - Started process (PID=4225) to work on /opt/airflow/dags/weather_etl_dag.py
[2026-02-26T05:57:58.687+0000] {processor.py:914} INFO - Processing file /opt/airflow/dags/weather_etl_dag.py for tasks to queue
[2026-02-26T05:57:58.688+0000] {logging_mixin.py:190} INFO - [2026-02-26T05:57:58.688+0000] {dagbag.py:588} INFO - Filling up the DagBag from /opt/airflow/dags/weather_etl_dag.py
[2026-02-26T05:57:59.143+0000] {processor.py:925} INFO - DAG(s) 'weather_etl_daily' retrieved from /opt/airflow/dags/weather_etl_dag.py
[2026-02-26T05:57:59.189+0000] {logging_mixin.py:190} INFO - [2026-02-26T05:57:59.188+0000] {dag.py:3239} INFO - Sync 1 DAGs
[2026-02-26T05:57:59.235+0000] {logging_mixin.py:190} INFO - [2026-02-26T05:57:59.235+0000] {dag.py:4180} INFO - Setting next_dagrun for weather_etl_daily to 2026-02-26 03:00:00+00:00, run_after=2026-02-26 06:00:00+00:00
[2026-02-26T05:57:59.257+0000] {processor.py:208} INFO - Processing /opt/airflow/dags/weather_etl_dag.py took 0.586 seconds
[2026-02-26T05:58:30.122+0000] {processor.py:186} INFO - Started process (PID=4243) to work on /opt/airflow/dags/weather_etl_dag.py
[2026-02-26T05:58:30.123+0000] {processor.py:914} INFO - Processing file /opt/airflow/dags/weather_etl_dag.py for tasks to queue
[2026-02-26T05:58:30.125+0000] {logging_mixin.py:190} INFO - [2026-02-26T05:58:30.124+0000] {dagbag.py:588} INFO - Filling up the DagBag from /opt/airflow/dags/weather_etl_dag.py
[2026-02-26T05:58:30.592+0000] {processor.py:925} INFO - DAG(s) 'weather_etl_daily' retrieved from /opt/airflow/dags/weather_etl_dag.py
[2026-02-26T05:58:30.636+0000] {logging_mixin.py:190} INFO - [2026-02-26T05:58:30.636+0000] {dag.py:3239} INFO - Sync 1 DAGs
[2026-02-26T05:58:30.668+0000] {logging_mixin.py:190} INFO - [2026-02-26T05:58:30.667+0000] {dag.py:4180} INFO - Setting next_dagrun for weather_etl_daily to 2026-02-26 03:00:00+00:00, run_after=2026-02-26 06:00:00+00:00
[2026-02-26T05:58:30.686+0000] {processor.py:208} INFO - Processing /opt/airflow/dags/weather_etl_dag.py took 0.576 seconds
[2026-02-26T05:59:01.558+0000] {processor.py:186} INFO - Started process (PID=4261) to work on /opt/airflow/dags/weather_etl_dag.py
[2026-02-26T05:59:01.559+0000] {processor.py:914} INFO - Processing file /opt/airflow/dags/weather_etl_dag.py for tasks to queue
[2026-02-26T05:59:01.561+0000] {logging_mixin.py:190} INFO - [2026-02-26T05:59:01.561+0000] {dagbag.py:588} INFO - Filling up the DagBag from /opt/airflow/dags/weather_etl_dag.py
[2026-02-26T05:59:01.963+0000] {processor.py:925} INFO - DAG(s) 'weather_etl_daily' retrieved from /opt/airflow/dags/weather_etl_dag.py
[2026-02-26T05:59:02.020+0000] {logging_mixin.py:190} INFO - [2026-02-26T05:59:02.019+0000] {dag.py:3239} INFO - Sync 1 DAGs
[2026-02-26T05:59:02.053+0000] {logging_mixin.py:190} INFO - [2026-02-26T05:59:02.052+0000] {dag.py:4180} INFO - Setting next_dagrun for weather_etl_daily to 2026-02-26 03:00:00+00:00, run_after=2026-02-26 06:00:00+00:00
[2026-02-26T05:59:02.073+0000] {processor.py:208} INFO - Processing /opt/airflow/dags/weather_etl_dag.py took 0.526 seconds
[2026-02-26T05:59:32.129+0000] {processor.py:186} INFO - Started process (PID=4279) to work on /opt/airflow/dags/weather_etl_dag.py
[2026-02-26T05:59:32.130+0000] {processor.py:914} INFO - Processing file /opt/airflow/dags/weather_etl_dag.py for tasks to queue
[2026-02-26T05:59:32.132+0000] {logging_mixin.py:190} INFO - [2026-02-26T05:59:32.131+0000] {dagbag.py:588} INFO - Filling up the DagBag from /opt/airflow/dags/weather_etl_dag.py
[2026-02-26T05:59:32.608+0000] {processor.py:925} INFO - DAG(s) 'weather_etl_daily' retrieved from /opt/airflow/dags/weather_etl_dag.py
[2026-02-26T05:59:32.650+0000] {logging_mixin.py:190} INFO - [2026-02-26T05:59:32.649+0000] {dag.py:3239} INFO - Sync 1 DAGs
[2026-02-26T05:59:32.682+0000] {logging_mixin.py:190} INFO - [2026-02-26T05:59:32.681+0000] {dag.py:4180} INFO - Setting next_dagrun for weather_etl_daily to 2026-02-26 03:00:00+00:00, run_after=2026-02-26 06:00:00+00:00
[2026-02-26T05:59:32.702+0000] {processor.py:208} INFO - Processing /opt/airflow/dags/weather_etl_dag.py took 0.584 seconds
[2026-02-26T06:00:03.398+0000] {processor.py:186} INFO - Started process (PID=4317) to work on /opt/airflow/dags/weather_etl_dag.py
[2026-02-26T06:00:03.400+0000] {processor.py:914} INFO - Processing file /opt/airflow/dags/weather_etl_dag.py for tasks to queue
[2026-02-26T06:00:03.402+0000] {logging_mixin.py:190} INFO - [2026-02-26T06:00:03.401+0000] {dagbag.py:588} INFO - Filling up the DagBag from /opt/airflow/dags/weather_etl_dag.py
[2026-02-26T06:00:03.826+0000] {processor.py:925} INFO - DAG(s) 'weather_etl_daily' retrieved from /opt/airflow/dags/weather_etl_dag.py
[2026-02-26T06:00:03.872+0000] {logging_mixin.py:190} INFO - [2026-02-26T06:00:03.872+0000] {dag.py:3239} INFO - Sync 1 DAGs
[2026-02-26T06:00:03.904+0000] {logging_mixin.py:190} INFO - [2026-02-26T06:00:03.903+0000] {dag.py:4180} INFO - Setting next_dagrun for weather_etl_daily to 2026-02-26 06:00:00+00:00, run_after=2026-02-26 09:00:00+00:00
[2026-02-26T06:00:03.925+0000] {processor.py:208} INFO - Processing /opt/airflow/dags/weather_etl_dag.py took 0.540 seconds
[2026-02-26T06:00:33.991+0000] {processor.py:186} INFO - Started process (PID=4348) to work on /opt/airflow/dags/weather_etl_dag.py
[2026-02-26T06:00:33.993+0000] {processor.py:914} INFO - Processing file /opt/airflow/dags/weather_etl_dag.py for tasks to queue
[2026-02-26T06:00:33.995+0000] {logging_mixin.py:190} INFO - [2026-02-26T06:00:33.994+0000] {dagbag.py:588} INFO - Filling up the DagBag from /opt/airflow/dags/weather_etl_dag.py
[2026-02-26T06:00:34.459+0000] {processor.py:925} INFO - DAG(s) 'weather_etl_daily' retrieved from /opt/airflow/dags/weather_etl_dag.py
[2026-02-26T06:00:34.506+0000] {logging_mixin.py:190} INFO - [2026-02-26T06:00:34.505+0000] {dag.py:3239} INFO - Sync 1 DAGs
[2026-02-26T06:00:34.538+0000] {logging_mixin.py:190} INFO - [2026-02-26T06:00:34.537+0000] {dag.py:4180} INFO - Setting next_dagrun for weather_etl_daily to 2026-02-26 06:00:00+00:00, run_after=2026-02-26 09:00:00+00:00
[2026-02-26T06:00:34.559+0000] {processor.py:208} INFO - Processing /opt/airflow/dags/weather_etl_dag.py took 0.577 seconds
[2026-02-26T06:01:05.263+0000] {processor.py:186} INFO - Started process (PID=4366) to work on /opt/airflow/dags/weather_etl_dag.py
[2026-02-26T06:01:05.264+0000] {processor.py:914} INFO - Processing file /opt/airflow/dags/weather_etl_dag.py for tasks to queue
[2026-02-26T06:01:05.266+0000] {logging_mixin.py:190} INFO - [2026-02-26T06:01:05.266+0000] {dagbag.py:588} INFO - Filling up the DagBag from /opt/airflow/dags/weather_etl_dag.py
[2026-02-26T06:01:05.664+0000] {processor.py:925} INFO - DAG(s) 'weather_etl_daily' retrieved from /opt/airflow/dags/weather_etl_dag.py
[2026-02-26T06:01:05.717+0000] {logging_mixin.py:190} INFO - [2026-02-26T06:01:05.716+0000] {dag.py:3239} INFO - Sync 1 DAGs
[2026-02-26T06:01:05.749+0000] {logging_mixin.py:190} INFO - [2026-02-26T06:01:05.749+0000] {dag.py:4180} INFO - Setting next_dagrun for weather_etl_daily to 2026-02-26 06:00:00+00:00, run_after=2026-02-26 09:00:00+00:00
[2026-02-26T06:01:05.769+0000] {processor.py:208} INFO - Processing /opt/airflow/dags/weather_etl_dag.py took 0.517 seconds
[2026-02-26T06:01:35.835+0000] {processor.py:186} INFO - Started process (PID=4384) to work on /opt/airflow/dags/weather_etl_dag.py
[2026-02-26T06:01:35.837+0000] {processor.py:914} INFO - Processing file /opt/airflow/dags/weather_etl_dag.py for tasks to queue
[2026-02-26T06:01:35.838+0000] {logging_mixin.py:190} INFO - [2026-02-26T06:01:35.838+0000] {dagbag.py:588} INFO - Filling up the DagBag from /opt/airflow/dags/weather_etl_dag.py
[2026-02-26T06:01:36.311+0000] {processor.py:925} INFO - DAG(s) 'weather_etl_daily' retrieved from /opt/airflow/dags/weather_etl_dag.py
[2026-02-26T06:01:36.353+0000] {logging_mixin.py:190} INFO - [2026-02-26T06:01:36.352+0000] {dag.py:3239} INFO - Sync 1 DAGs
[2026-02-26T06:01:36.384+0000] {logging_mixin.py:190} INFO - [2026-02-26T06:01:36.384+0000] {dag.py:4180} INFO - Setting next_dagrun for weather_etl_daily to 2026-02-26 06:00:00+00:00, run_after=2026-02-26 09:00:00+00:00
[2026-02-26T06:01:36.410+0000] {processor.py:208} INFO - Processing /opt/airflow/dags/weather_etl_dag.py took 0.586 seconds
[2026-02-26T06:02:07.113+0000] {processor.py:186} INFO - Started process (PID=4402) to work on /opt/airflow/dags/weather_etl_dag.py
[2026-02-26T06:02:07.114+0000] {processor.py:914} INFO - Processing file /opt/airflow/dags/weather_etl_dag.py for tasks to queue
[2026-02-26T06:02:07.116+0000] {logging_mixin.py:190} INFO - [2026-02-26T06:02:07.116+0000] {dagbag.py:588} INFO - Filling up the DagBag from /opt/airflow/dags/weather_etl_dag.py
[2026-02-26T06:02:07.577+0000] {processor.py:925} INFO - DAG(s) 'weather_etl_daily' retrieved from /opt/airflow/dags/weather_etl_dag.py
[2026-02-26T06:02:07.626+0000] {logging_mixin.py:190} INFO - [2026-02-26T06:02:07.625+0000] {dag.py:3239} INFO - Sync 1 DAGs
[2026-02-26T06:02:07.655+0000] {logging_mixin.py:190} INFO - [2026-02-26T06:02:07.655+0000] {dag.py:4180} INFO - Setting next_dagrun for weather_etl_daily to 2026-02-26 06:00:00+00:00, run_after=2026-02-26 09:00:00+00:00
[2026-02-26T06:02:07.675+0000] {processor.py:208} INFO - Processing /opt/airflow/dags/weather_etl_dag.py took 0.575 seconds
[2026-02-26T06:02:38.549+0000] {processor.py:186} INFO - Started process (PID=4420) to work on /opt/airflow/dags/weather_etl_dag.py
[2026-02-26T06:02:38.551+0000] {processor.py:914} INFO - Processing file /opt/airflow/dags/weather_etl_dag.py for tasks to queue
[2026-02-26T06:02:38.553+0000] {logging_mixin.py:190} INFO - [2026-02-26T06:02:38.552+0000] {dagbag.py:588} INFO - Filling up the DagBag from /opt/airflow/dags/weather_etl_dag.py
[2026-02-26T06:02:39.026+0000] {processor.py:925} INFO - DAG(s) 'weather_etl_daily' retrieved from /opt/airflow/dags/weather_etl_dag.py
[2026-02-26T06:02:39.083+0000] {logging_mixin.py:190} INFO - [2026-02-26T06:02:39.083+0000] {dag.py:3239} INFO - Sync 1 DAGs
[2026-02-26T06:02:39.116+0000] {logging_mixin.py:190} INFO - [2026-02-26T06:02:39.116+0000] {dag.py:4180} INFO - Setting next_dagrun for weather_etl_daily to 2026-02-26 06:00:00+00:00, run_after=2026-02-26 09:00:00+00:00
[2026-02-26T06:02:39.136+0000] {processor.py:208} INFO - Processing /opt/airflow/dags/weather_etl_dag.py took 0.596 seconds
[2026-02-26T06:03:09.973+0000] {processor.py:186} INFO - Started process (PID=4438) to work on /opt/airflow/dags/weather_etl_dag.py
[2026-02-26T06:03:09.974+0000] {processor.py:914} INFO - Processing file /opt/airflow/dags/weather_etl_dag.py for tasks to queue
[2026-02-26T06:03:09.976+0000] {logging_mixin.py:190} INFO - [2026-02-26T06:03:09.975+0000] {dagbag.py:588} INFO - Filling up the DagBag from /opt/airflow/dags/weather_etl_dag.py
[2026-02-26T06:03:10.390+0000] {processor.py:925} INFO - DAG(s) 'weather_etl_daily' retrieved from /opt/airflow/dags/weather_etl_dag.py
[2026-02-26T06:03:10.437+0000] {logging_mixin.py:190} INFO - [2026-02-26T06:03:10.436+0000] {dag.py:3239} INFO - Sync 1 DAGs
[2026-02-26T06:03:10.470+0000] {logging_mixin.py:190} INFO - [2026-02-26T06:03:10.469+0000] {dag.py:4180} INFO - Setting next_dagrun for weather_etl_daily to 2026-02-26 06:00:00+00:00, run_after=2026-02-26 09:00:00+00:00
[2026-02-26T06:03:10.498+0000] {processor.py:208} INFO - Processing /opt/airflow/dags/weather_etl_dag.py took 0.536 seconds
[2026-02-26T06:03:41.390+0000] {processor.py:186} INFO - Started process (PID=4456) to work on /opt/airflow/dags/weather_etl_dag.py
[2026-02-26T06:03:41.391+0000] {processor.py:914} INFO - Processing file /opt/airflow/dags/weather_etl_dag.py for tasks to queue
[2026-02-26T06:03:41.392+0000] {logging_mixin.py:190} INFO - [2026-02-26T06:03:41.392+0000] {dagbag.py:588} INFO - Filling up the DagBag from /opt/airflow/dags/weather_etl_dag.py
[2026-02-26T06:03:41.830+0000] {processor.py:925} INFO - DAG(s) 'weather_etl_daily' retrieved from /opt/airflow/dags/weather_etl_dag.py
[2026-02-26T06:03:41.873+0000] {logging_mixin.py:190} INFO - [2026-02-26T06:03:41.872+0000] {dag.py:3239} INFO - Sync 1 DAGs
[2026-02-26T06:03:41.906+0000] {logging_mixin.py:190} INFO - [2026-02-26T06:03:41.906+0000] {dag.py:4180} INFO - Setting next_dagrun for weather_etl_daily to 2026-02-26 06:00:00+00:00, run_after=2026-02-26 09:00:00+00:00
[2026-02-26T06:03:41.927+0000] {processor.py:208} INFO - Processing /opt/airflow/dags/weather_etl_dag.py took 0.548 seconds
[2026-02-26T06:04:12.829+0000] {processor.py:186} INFO - Started process (PID=4474) to work on /opt/airflow/dags/weather_etl_dag.py
[2026-02-26T06:04:12.830+0000] {processor.py:914} INFO - Processing file /opt/airflow/dags/weather_etl_dag.py for tasks to queue
[2026-02-26T06:04:12.832+0000] {logging_mixin.py:190} INFO - [2026-02-26T06:04:12.831+0000] {dagbag.py:588} INFO - Filling up the DagBag from /opt/airflow/dags/weather_etl_dag.py
[2026-02-26T06:04:13.283+0000] {processor.py:925} INFO - DAG(s) 'weather_etl_daily' retrieved from /opt/airflow/dags/weather_etl_dag.py
[2026-02-26T06:04:13.330+0000] {logging_mixin.py:190} INFO - [2026-02-26T06:04:13.329+0000] {dag.py:3239} INFO - Sync 1 DAGs
[2026-02-26T06:04:13.361+0000] {logging_mixin.py:190} INFO - [2026-02-26T06:04:13.361+0000] {dag.py:4180} INFO - Setting next_dagrun for weather_etl_daily to 2026-02-26 06:00:00+00:00, run_after=2026-02-26 09:00:00+00:00
[2026-02-26T06:04:13.381+0000] {processor.py:208} INFO - Processing /opt/airflow/dags/weather_etl_dag.py took 0.563 seconds
[2026-02-26T06:04:44.263+0000] {processor.py:186} INFO - Started process (PID=4492) to work on /opt/airflow/dags/weather_etl_dag.py
[2026-02-26T06:04:44.265+0000] {processor.py:914} INFO - Processing file /opt/airflow/dags/weather_etl_dag.py for tasks to queue
[2026-02-26T06:04:44.267+0000] {logging_mixin.py:190} INFO - [2026-02-26T06:04:44.266+0000] {dagbag.py:588} INFO - Filling up the DagBag from /opt/airflow/dags/weather_etl_dag.py
[2026-02-26T06:04:44.721+0000] {processor.py:925} INFO - DAG(s) 'weather_etl_daily' retrieved from /opt/airflow/dags/weather_etl_dag.py
[2026-02-26T06:04:44.766+0000] {logging_mixin.py:190} INFO - [2026-02-26T06:04:44.765+0000] {dag.py:3239} INFO - Sync 1 DAGs
[2026-02-26T06:04:44.794+0000] {logging_mixin.py:190} INFO - [2026-02-26T06:04:44.794+0000] {dag.py:4180} INFO - Setting next_dagrun for weather_etl_daily to 2026-02-26 06:00:00+00:00, run_after=2026-02-26 09:00:00+00:00
[2026-02-26T06:04:44.811+0000] {processor.py:208} INFO - Processing /opt/airflow/dags/weather_etl_dag.py took 0.559 seconds
[2026-02-26T06:05:15.650+0000] {processor.py:186} INFO - Started process (PID=4510) to work on /opt/airflow/dags/weather_etl_dag.py
[2026-02-26T06:05:15.651+0000] {processor.py:914} INFO - Processing file /opt/airflow/dags/weather_etl_dag.py for tasks to queue
[2026-02-26T06:05:15.653+0000] {logging_mixin.py:190} INFO - [2026-02-26T06:05:15.652+0000] {dagbag.py:588} INFO - Filling up the DagBag from /opt/airflow/dags/weather_etl_dag.py
[2026-02-26T06:05:16.040+0000] {processor.py:925} INFO - DAG(s) 'weather_etl_daily' retrieved from /opt/airflow/dags/weather_etl_dag.py
[2026-02-26T06:05:16.096+0000] {logging_mixin.py:190} INFO - [2026-02-26T06:05:16.095+0000] {dag.py:3239} INFO - Sync 1 DAGs
[2026-02-26T06:05:16.128+0000] {logging_mixin.py:190} INFO - [2026-02-26T06:05:16.127+0000] {dag.py:4180} INFO - Setting next_dagrun for weather_etl_daily to 2026-02-26 06:00:00+00:00, run_after=2026-02-26 09:00:00+00:00
[2026-02-26T06:05:16.147+0000] {processor.py:208} INFO - Processing /opt/airflow/dags/weather_etl_dag.py took 0.508 seconds
[2026-02-26T06:05:46.237+0000] {processor.py:186} INFO - Started process (PID=4528) to work on /opt/airflow/dags/weather_etl_dag.py
[2026-02-26T06:05:46.238+0000] {processor.py:914} INFO - Processing file /opt/airflow/dags/weather_etl_dag.py for tasks to queue
[2026-02-26T06:05:46.240+0000] {logging_mixin.py:190} INFO - [2026-02-26T06:05:46.239+0000] {dagbag.py:588} INFO - Filling up the DagBag from /opt/airflow/dags/weather_etl_dag.py
[2026-02-26T06:05:46.640+0000] {processor.py:925} INFO - DAG(s) 'weather_etl_daily' retrieved from /opt/airflow/dags/weather_etl_dag.py
[2026-02-26T06:05:46.684+0000] {logging_mixin.py:190} INFO - [2026-02-26T06:05:46.683+0000] {dag.py:3239} INFO - Sync 1 DAGs
[2026-02-26T06:05:46.716+0000] {logging_mixin.py:190} INFO - [2026-02-26T06:05:46.716+0000] {dag.py:4180} INFO - Setting next_dagrun for weather_etl_daily to 2026-02-26 06:00:00+00:00, run_after=2026-02-26 09:00:00+00:00
[2026-02-26T06:05:46.735+0000] {processor.py:208} INFO - Processing /opt/airflow/dags/weather_etl_dag.py took 0.509 seconds
[2026-02-26T06:42:51.885+0000] {processor.py:186} INFO - Started process (PID=1051) to work on /opt/airflow/dags/weather_etl_dag.py
[2026-02-26T06:42:51.886+0000] {processor.py:914} INFO - Processing file /opt/airflow/dags/weather_etl_dag.py for tasks to queue
[2026-02-26T06:42:51.887+0000] {logging_mixin.py:190} INFO - [2026-02-26T06:42:51.887+0000] {dagbag.py:588} INFO - Filling up the DagBag from /opt/airflow/dags/weather_etl_dag.py
[2026-02-26T06:42:52.319+0000] {processor.py:925} INFO - DAG(s) 'weather_etl_daily' retrieved from /opt/airflow/dags/weather_etl_dag.py
[2026-02-26T06:42:52.378+0000] {logging_mixin.py:190} INFO - [2026-02-26T06:42:52.376+0000] {dag.py:3239} INFO - Sync 1 DAGs
[2026-02-26T06:42:52.406+0000] {logging_mixin.py:190} INFO - [2026-02-26T06:42:52.406+0000] {dag.py:4180} INFO - Setting next_dagrun for weather_etl_daily to 2026-02-26 06:00:00+00:00, run_after=2026-02-26 09:00:00+00:00
[2026-02-26T06:42:52.425+0000] {processor.py:208} INFO - Processing /opt/airflow/dags/weather_etl_dag.py took 0.549 seconds
[2026-02-26T06:43:23.287+0000] {processor.py:186} INFO - Started process (PID=1069) to work on /opt/airflow/dags/weather_etl_dag.py
[2026-02-26T06:43:23.288+0000] {processor.py:914} INFO - Processing file /opt/airflow/dags/weather_etl_dag.py for tasks to queue
[2026-02-26T06:43:23.290+0000] {logging_mixin.py:190} INFO - [2026-02-26T06:43:23.290+0000] {dagbag.py:588} INFO - Filling up the DagBag from /opt/airflow/dags/weather_etl_dag.py
[2026-02-26T06:43:23.755+0000] {processor.py:925} INFO - DAG(s) 'weather_etl_daily' retrieved from /opt/airflow/dags/weather_etl_dag.py
[2026-02-26T06:43:23.798+0000] {logging_mixin.py:190} INFO - [2026-02-26T06:43:23.798+0000] {dag.py:3239} INFO - Sync 1 DAGs
[2026-02-26T06:43:23.836+0000] {logging_mixin.py:190} INFO - [2026-02-26T06:43:23.836+0000] {dag.py:4180} INFO - Setting next_dagrun for weather_etl_daily to 2026-02-26 06:00:00+00:00, run_after=2026-02-26 09:00:00+00:00
[2026-02-26T06:43:23.857+0000] {processor.py:208} INFO - Processing /opt/airflow/dags/weather_etl_dag.py took 0.580 seconds
